Ссылка,Название,Номер,Страна,Цена,Вес,Остаток,Фото1,Фото2,Фото3,Фото4,Фото5,Описание1,Описание2
https://www.amayama.com/ru/part/nissan/484129y701,Переключатель,48412-9Y701,Япония,527,"0,01",>1,https://static.amayama.com/schemeparts/1567791613679_big.jpg,https://static.amayama.com/schemeparts/1596797859703_preview.jpg,,,,"Infiniti FX35,Infiniti FX45,Infiniti G35,Nissan AD,Nissan Bluebird Sylphy,Nissan Grand Livina,Nissan Lafesta,Nissan Latio,Nissan Livina,Nissan Murano,Nissan NV200,Nissan Navara,Nissan Note,Nissan Presage,Nissan Qashqai,Nissan Rogue,Nissan Serena,Nissan Skyline,Nissan Stagea,Nissan Teana,Nissan Tiida,Nissan Tiida Latio,Nissan Wingroad,Nissan X-Trail,
                            Показать все (24)
                        ","CR12DE,HR15DE,HR16DE,M9R,MR18DE,MR20DE,QR20DE,QR25DE,VK45DE,VQ23DE,VQ25DD,VQ25DET,VQ30DD,VQ35DE,YD25DDTI"
https://www.amayama.com/ru/part/nissan/484127w000,Накладка пластиковая,48412-7W000,Япония,919,"0,013",>1,https://static.amayama.com/schemeparts/1567791613679_big.jpg,,,,,"Infiniti FX35,Infiniti FX45,Infiniti G35,Nissan Lafesta,Nissan Note,Nissan Presage,Nissan Skyline,Nissan Stagea","HR15DE,HR16DE,MR20DE,QR25DE,VK45DE,VQ25DD,VQ25DET,VQ30DD,VQ35DE"
Ссылка,Название,Номер,Страна,Цена,Вес,Остаток,Фото1,Фото2,Фото3,Фото4,Фото5,Описание1,Описание2
https://www.amayama.com/ru/part/nissan/h4660eg000,"CYLINDER SET, TRUNK LID LOCK",H4660-EG000,Япония,3 372,"0,18",>1,https://static.amayama.com/schemeparts/1568903458057_big.jpg,,,,,"Infiniti M25,Infiniti M35,Infiniti M37,Infiniti M45,Infiniti M56,Infiniti Q70,Nissan Fuga","V9X,VK45DE,VK56VD,VQ25DE,VQ25HR,VQ35DE,VQ35HR,VQ37VHR"
https://www.amayama.com/ru/part/nissan/h0564eg010,Заготовка ключа,H0564-EG010,Япония,912,"0,02",>1,https://static.amayama.com/schemeparts/1568692086743_big.jpg,https://static.amayama.com/schemeparts/1596849728358_preview.jpg,,,,"Infiniti EX25,Infiniti EX35,Infiniti EX37,Infiniti FX30d,Infiniti FX35,Infiniti FX37,Infiniti FX50,Infiniti G25,Infiniti G35,Infiniti G37,Infiniti JX35,Infiniti M25,Infiniti M35,Infiniti M37,Infiniti M45,Infiniti M56,Infiniti Q40,Infiniti Q50,Infiniti Q50L,Infiniti Q60,Infiniti Q70,Infiniti QX50,Infiniti QX56,Infiniti QX60,Infiniti QX70,Infiniti QX80,Nissan 370Z,Nissan Altima,Nissan Cube,Nissan Fairlady Z,Nissan Fuga,Nissan Murano,Nissan Skyline,Nissan Teana,
                            Показать все (34)
                        ","HR15DE,HR16DE,K9K,MR18DE,MR20DE,QR25DE,QR25DER,V9X,VK45DE,VK50VE,VK56VD,VQ25DE,VQ25HR,VQ35DD,VQ35DE,VQ35HR,VQ37VHR,VR30,VR30DDTT,YD25"
https://www.amayama.com/ru/part/nissan/f8632ja00a,Личинка замка с ключами,F8632-JA00A,Япония,1 351,"0,05",>1,https://static.amayama.com/schemeparts/1568692085974_big.jpg,https://static.amayama.com/schemeparts/1596794886196_preview.jpg,,,,"Infiniti EX25,Infiniti EX35,Infiniti EX37,Infiniti FX30d,Infiniti FX35,Infiniti FX37,Infiniti FX50,Infiniti G25,Infiniti G35,Infiniti G37,Infiniti M25,Infiniti M35,Infiniti M37,Infiniti M45,Infiniti M56,Infiniti Q40,Infiniti Q60,Infiniti Q70,Infiniti QX50,Infiniti QX56,Infiniti QX70,Infiniti QX80,Nissan 370Z,Nissan Altima,Nissan Armada,Nissan Fairlady Z,Nissan Maxima,Nissan Murano,Nissan Patrol,Nissan Rogue,Nissan Skyline,Nissan Teana,Nissan Titan,
                            Показать все (33)
                        ","CEV8D1,MR20DE,QR25DE,QR25DER,V9X,VK50VE,VK56DE,VK56VD,VQ25DE,VQ25HR,VQ35DE,VQ35HR,VQ37VHR,YD25"
https://www.amayama.com/ru/part/nissan/4870306f0a,Винт,48703-06F0A,Япония,122,"0,015",>1,https://static.amayama.com/schemeparts/1568648651431_big.jpg,https://static.amayama.com/schemeparts/1596792420561_preview.jpg,,,,"Infiniti EX25,Infiniti EX35,Infiniti EX37,Infiniti FX30d,Infiniti FX35,Infiniti FX37,Infiniti FX45,Infiniti FX50,Infiniti G20,Infiniti G25,Infiniti G35,Infiniti G37,Infiniti I30,Infiniti I35,Infiniti J30,Infiniti JX35,Infiniti M25,Infiniti M30,Infiniti M35,Infiniti M37,Infiniti M45,Infiniti M56,Infiniti Q40,Infiniti Q45,Infiniti Q50,Infiniti Q50L,Infiniti Q60,Infiniti Q70,Infiniti QX4,Infiniti QX50,Infiniti QX56,Infiniti QX60,Infiniti QX70,Infiniti QX80,Nissan 100NX,Nissan 180SX,Nissan 200SX,Nissan 240SX,Nissan 300ZX,Nissan 350Z,Nissan 370Z,Nissan AD,Nissan Almera,Nissan Altima,Nissan Ambulance,Nissan Armada,Nissan Atlas,Nissan Auster,Nissan Avenir,Nissan Bassara,Nissan Bluebird,Nissan Bluebird Sylphy,Nissan Cabstar,Nissan Caravan,Nissan Cedric,Nissan Cefiro,Nissan Cima,Nissan Civilian,Nissan Crew,Nissan Cube,Nissan Cube Cubic,Nissan Datsun,Nissan Datsun Truck,Nissan Dualis,Nissan Elgrand,Nissan Exa,Nissan Expert,Nissan Fairlady Z,Nissan Figaro,Nissan Fuga,Nissan GT-R,Nissan Gazelle,Nissan Gloria,Nissan Grand Livina,Nissan Hardbody,Nissan Homy,Nissan Hypermini,Nissan Juke,Nissan King Cab,Nissan Lafesta,Nissan Langley,Nissan Lannia,Nissan Largo,Nissan Latio,Nissan Laurel,Nissan Laurel Spirit,Nissan Leaf,Nissan Leopard,Nissan Liberta Villa,Nissan Liberty,Nissan Livina,Nissan Lucino,Nissan March,Nissan March Box,Nissan Maxima,Nissan Micra,Nissan Mistral,Nissan Murano,Nissan NP300,Nissan NV200,Nissan NV350 Caravan,Nissan NX-Coupe,Nissan Navara,Nissan Note,Nissan Pao,Nissan Pathfinder,Nissan Patrol,Nissan Pickup,Nissan Prairie,Nissan Presage,Nissan Presea,Nissan President,Nissan Primera,Nissan Primera Camino,Nissan Pulsar,Nissan Qashqai,Nissan Quest,Nissan R'nessa,Nissan Rasheen,Nissan Rogue,Nissan Safari,Nissan Sentra,Nissan Serena,Nissan Silvia,Nissan Skyline,Nissan Stagea,Nissan Stanza,Nissan Sunny,Nissan Sunny California,Nissan Sylphy,Nissan Teana,Nissan Terrano,Nissan Terrano II,Nissan Terrano Regulus,Nissan Tiida,Nissan Tiida Latio,Nissan Tino,Nissan Titan,Nissan Vanette,Nissan Vanette Serena,Nissan Wingroad,Nissan X-Trail,Nissan Xterra,Nissan e-NV200,
                            Показать все (144)
                        ","4M50T,A15S,BD30,CA16D,CA16S,CA18D,CA18DT,CA18E,CA18I,CA18P,CA18S,CA18T,CA20E,CA20P,CA20S,CAB,CD17,CD20,CD20E,CD20ET,CD20T,CD20TI,CG10DE,CG13DE,CGA3DE,CH,CR10DE,CR12DE,CR14DE,D4D,DX,E10S,E13S,E15E,E15S,E15T,E16E,E16I,E16S,ED33,ED35,EM57,EM61,EV,FD33,FD33T,FD35,FD35T,FD42,FD46,FJ20E,FJ20T,GA13DE,GA13DS,GA14DE,GA14DS,GA14S,GA15DE,GA15DS,GA15E,GA15S,GA16DE,GA16DNE,GA16DS,GA16I,GA16S,HR10DE,HR12DE,HR12DR,HR15DE,HR16DE,HRA2DDT,K4M,K9K,K9K.63KW,KA20,KA20DE,KA24,KA24DE,KA24E,L20P,L24E,L28S,LD20,LD20T,LD23,LD28,LONGD,LONGS,M9R,M9T,MA09RT,MA10S,MA10T,MA12S,MR16DDT,MR18DE,MR20,MR20DD,MR20DE,MRA8DE,NA16S,NA20P,NA20S,QD32,QD32ETI,QD32TI,QG13DE,QG15DE,QG16DE,QG18DD,QG18DE,QG18DEN,QG18EM295P,QR20DD,QR20DE,QR25,QR25DD,QR25DE,QR25DER,R9M,RB20D,RB20DE,RB20DET,RB20DT,RB20E,RB20P,RB20T,RB24S,RB25D,RB25DE,RB25DET,RB26DETT,RB26DETT4WD,RB26DETTHI.4WD,RB26DETTHICAS,RB26DTT,RD28,RD28E,RD28T,RD28TI,SD23,SD25,SR16VE,SR18DE,SR18DI,SR20D,SR20DE,SR20DET,SR20DI,SR20DT,SR20VE,SR20VET,TB42E,TB42S,TB45,TB45E,TB45S,TB48DE,TB48E,TD15,TD23,TD25,TD25TI,TD27,TD27T,TD27TI,TD42,TD42T,V9X,VD30DTT,VE30DE,VG20DT,VG20E,VG20P,VG20T,VG30,VG30D,VG30DE,VG30DET,VG30DT,VG30DTT,VG30E,VG30S,VG30T,VG33E,VG33ER,VH41DE,VH45D,VK45DD,VK45DE,VK50VE,VK56DE,VK56VD,VQ20DE,VQ23DE,VQ25DD,VQ25DE,VQ25DET,VQ25HR,VQ30DD,VQ30DE,VQ30DET,VQ35DD,VQ35DE,VQ35HR,VQ37VHR,VQ40DE,VR30,VR30DDTT,VR38DETT,VR38DETTBLACK,VR38DETTEGOIST,VR38DETTGR6,VR38DETTM,VR38DETTPREMIUM,VR38DETTPURE,VR38DETTSPECV,WM28DTI,WM28TI,YD22DD,YD22DDT,YD22ETI,YD25,YD25DDT,YD25DDTI,YD25DDTI2WD,YD25DDTI4WD,YS23,Z16S,Z18S,Z20,Z20D,Z20S,Z24,Z24I,ZD30,ZD30DD,ZD30DDT,ZD30DDTI,ZD30DDTI2WD,ZD30DDTI4WD,ZD30DDTIEUD.2P,ZD30DDTIEUD.5P,ZD30DDTIRB,ZD30DDTIWB"
https://www.amayama.com/ru/part/nissan/487001nc0a,"LOCK SET, STEERING",48700-1NC0A,Япония,38 581,"0,65",>1,https://static.amayama.com/schemeparts/1568692085114_big.jpg,https://static.amayama.com/schemeparts/1596794884872_preview.jpg,,,,"Infiniti EX25,Infiniti EX35,Infiniti EX37,Infiniti FX30d,Infiniti FX35,Infiniti FX37,Infiniti FX50,Infiniti G25,Infiniti G35,Infiniti G37,Infiniti M25,Infiniti M35,Infiniti M37,Infiniti M45,Infiniti M56,Infiniti Q40,Infiniti Q60,Infiniti Q70,Infiniti QX50,Infiniti QX56,Infiniti QX70,Infiniti QX80,Nissan GT-R,Nissan Murano,Nissan Patrol,Nissan Quest,Nissan Serena,Nissan Skyline,
                            Показать все (28)
                        ","MR20DD,QR25DE,V9X,VK50VE,VK56DE,VK56VD,VQ25HR,VQ35DE,VQ35HR,VQ37VHR,VR38DETT,VR38DETTBLACK,VR38DETTEGOIST,VR38DETTM,VR38DETTPREMIUM,VR38DETTPURE,VR38DETTSPECV,YD25"
https://www.amayama.com/ru/part/nissan/f86324p00a,"CYLINDER SET, GLOVE BOX LID LOCK",F8632-4P00A,Япония,1 351,"0,06",>1,https://static.amayama.com/schemeparts/1568918676513_big.jpg,https://static.amayama.com/schemeparts/1596797864215_preview.jpg,,,,"Infiniti FX35,Infiniti FX45,Infiniti G20,Infiniti G35,Infiniti I30,Infiniti I35,Infiniti M25,Infiniti M35,Infiniti M37,Infiniti M45,Infiniti M56,Infiniti Q45,Infiniti Q70,Infiniti QX4,Infiniti QX56,Nissan 350Z,Nissan Altima,Nissan Armada,Nissan Caravan,Nissan Cedric,Nissan Cefiro,Nissan Cima,Nissan Fairlady Z,Nissan Fuga,Nissan Gloria,Nissan King Cab,Nissan Laurel,Nissan Leopard,Nissan Maxima,Nissan Murano,Nissan NP300,Nissan Navara,Nissan Pathfinder,Nissan Patrol,Nissan President,Nissan Safari,Nissan Sentra,Nissan Silvia,Nissan Skyline,Nissan Stagea,Nissan Teana,Nissan Terrano,Nissan Tiida,Nissan X-Trail,Nissan Xterra,
                            Показать все (45)
                        ","HR16DE,KA20DE,KA24,KA24DE,KA24E,M9R,MR18DE,MR20DE,QD32,QR20DE,QR25DE,RB20DE,RB25DE,RB25DET,RB26DETT,RB26DETTHI.4WD,RD28,RD28TI,SR20DE,TB45,TB45E,TB45S,TB48DE,TB48E,TD25,TD25TI,TD27,TD42,TD42T,V9X,VG20E,VG30E,VG33E,VH41DE,VK45DD,VK45DE,VK56DE,VK56VD,VQ20DE,VQ23DE,VQ25DD,VQ25DE,VQ25HR,VQ30DD,VQ30DE,VQ30DET,VQ35DE,VQ35HR,VQ37VHR,VQ40DE,YD22ETI,YD25,YD25DDTI,YD25DDTI2WD,YD25DDTI4WD,ZD30,ZD30DD,ZD30DDTI,ZD30DDTIEUD.2P,ZD30DDTIEUD.5P"
https://www.amayama.com/ru/part/nissan/88655en000,DAMPER,88655-EN000,Япония,3 068,"0,2",>1,https://static.amayama.com/schemeparts/1568648470166_big.jpg,,,,,"Infiniti FX30d,Infiniti FX35,Infiniti FX37,Infiniti FX50,Infiniti QX70,Nissan Lafesta","MR20DE,V9X,VK50VE,VQ35HR,VQ37VHR"
https://www.amayama.com/ru/part/nissan/887951cb2a,"BUSH-HINGE,REAR SEAT BACK",88795-1CB2A,Япония,88,-,>1,,,,,,"Infiniti EX25,Infiniti EX35,Infiniti EX37,Infiniti FX30d,Infiniti FX35,Infiniti FX37,Infiniti FX50,Infiniti QX50,Infiniti QX70,Nissan Murano","QR25DER,V9X,VK50VE,VQ25DE,VQ25HR,VQ35DE,VQ35HR,VQ37VHR"
https://www.amayama.com/ru/part/nissan/876031ba0c,Ручка салона,87603-1BA0C,Япония,216,"0,02",>1,,,,,,"Infiniti EX25,Infiniti EX35,Infiniti EX37,Infiniti FX30d,Infiniti FX35,Infiniti FX37,Infiniti FX50,Infiniti QX50,Infiniti QX70,Nissan Bluebird Sylphy,Nissan Sylphy","HR15DE,HR16DE,MR20DE,V9X,VK50VE,VQ25DE,VQ25HR,VQ35HR,VQ37VHR"
https://www.amayama.com/ru/part/nissan/876031ba0a,Фиксатор,87603-1BA0A,Япония,216,"0,02",>1,,,,,,"Infiniti EX25,Infiniti EX35,Infiniti EX37,Infiniti FX30d,Infiniti FX35,Infiniti FX37,Infiniti FX50,Infiniti QX50,Infiniti QX70","V9X,VK50VE,VQ25DE,VQ25HR,VQ35HR,VQ37VHR"
https://www.amayama.com/ru/part/nissan/887951cb1a,"BUSH-HINGE,REAR SEAT BACK",88795-1CB1A,Япония,88,-,>1,,,,,,"Infiniti EX25,Infiniti EX35,Infiniti EX37,Infiniti FX30d,Infiniti FX35,Infiniti FX37,Infiniti FX50,Infiniti QX50,Infiniti QX70,Nissan Murano","QR25DER,V9X,VK50VE,VQ25DE,VQ25HR,VQ35DE,VQ35HR,VQ37VHR"
https://www.amayama.com/ru/part/nissan/876021ba0c,Ручка салона,87602-1BA0C,Япония,216,"0,03",>1,,,,,,"Infiniti EX25,Infiniti EX35,Infiniti EX37,Infiniti FX30d,Infiniti FX35,Infiniti FX37,Infiniti FX50,Infiniti QX50,Infiniti QX70,Nissan Bluebird Sylphy,Nissan Sylphy","HR15DE,HR16DE,MR20DE,V9X,VK50VE,VQ25DE,VQ25HR,VQ35HR,VQ37VHR"
https://www.amayama.com/ru/part/nissan/876021ba0a,Фиксатор,87602-1BA0A,Япония,210,"0,02",>1,,,,,,"Infiniti EX25,Infiniti EX35,Infiniti EX37,Infiniti FX30d,Infiniti FX35,Infiniti FX37,Infiniti FX50,Infiniti QX50,Infiniti QX70","V9X,VK50VE,VQ25DE,VQ25HR,VQ35HR,VQ37VHR"
https://www.amayama.com/ru/part/nissan/883c21ba1a,"BRACKET-HINGE,RH",883C2-1BA1A,Япония,1 588,-,>1,,,,,,"Infiniti EX25,Infiniti EX35,Infiniti EX37,Infiniti FX30d,Infiniti FX35,Infiniti FX37,Infiniti FX50,Infiniti QX50,Infiniti QX70","V9X,VK50VE,VQ25DE,VQ25HR,VQ35HR,VQ37VHR"
https://www.amayama.com/ru/part/nissan/886451ba1c,"COVER-HINGE,REAR SEAT RH",88645-1BA1C,Япония,399,-,>1,,,,,,"Infiniti EX25,Infiniti EX35,Infiniti EX37,Infiniti FX30d,Infiniti FX35,Infiniti FX37,Infiniti FX50,Infiniti QX50,Infiniti QX70","V9X,VK50VE,VQ25DE,VQ25HR,VQ35HR,VQ37VHR"
https://www.amayama.com/ru/part/nissan/888111ba0a,"COVER-CUSHION HINGE,REAR SEAT",88811-1BA0A,Япония,399,-,>1,,,,,,"Infiniti EX25,Infiniti EX35,Infiniti EX37,Infiniti FX30d,Infiniti FX35,Infiniti FX37,Infiniti FX50,Infiniti QX50,Infiniti QX70","V9X,VK50VE,VQ25DE,VQ25HR,VQ35HR,VQ37VHR"
https://www.amayama.com/ru/part/nissan/886451ba1a,"COVER-HINGE,REAR SEAT RH",88645-1BA1A,Япония,399,-,>1,,,,,,"Infiniti EX25,Infiniti EX35,Infiniti EX37,Infiniti FX30d,Infiniti FX35,Infiniti FX37,Infiniti FX50,Infiniti QX50,Infiniti QX70","V9X,VK50VE,VQ25DE,VQ25HR,VQ35HR,VQ37VHR"
https://www.amayama.com/ru/part/nissan/888111ba1a,"COVER-CUSHION HINGE,REAR SEAT",88811-1BA1A,Япония,399,-,>1,,,,,,"Infiniti EX25,Infiniti EX35,Infiniti EX37,Infiniti FX30d,Infiniti FX35,Infiniti FX37,Infiniti FX50,Infiniti QX50,Infiniti QX70","V9X,VK50VE,VQ25DE,VQ25HR,VQ35HR,VQ37VHR"
https://www.amayama.com/ru/part/nissan/0112107251,Болт,01121-07251,Япония,142,"0,03",>1,https://static.amayama.com/schemeparts/1567668286750_big.jpg,https://static.amayama.com/schemeparts/1596792264318_preview.jpg,,,,"Infiniti EX25,Infiniti EX35,Infiniti EX37,Infiniti FX30d,Infiniti FX35,Infiniti FX37,Infiniti FX50,Infiniti G20,Infiniti G25,Infiniti G35,Infiniti G37,Infiniti I30,Infiniti I35,Infiniti M25,Infiniti M35,Infiniti M37,Infiniti M45,Infiniti M56,Infiniti Q40,Infiniti Q45,Infiniti Q50,Infiniti Q50L,Infiniti Q60,Infiniti Q70,Infiniti QX4,Infiniti QX50,Infiniti QX70,Nissan 350Z,Nissan 370Z,Nissan Almera,Nissan Bassara,Nissan Bluebird Sylphy,Nissan Cedric,Nissan Cefiro,Nissan Cima,Nissan Cube,Nissan Cube Cubic,Nissan Fairlady Z,Nissan Fuga,Nissan GT-R,Nissan Gloria,Nissan Grand Livina,Nissan Latio,Nissan Laurel,Nissan Livina,Nissan Lucino,Nissan March,Nissan March Box,Nissan Maxima,Nissan Murano,Nissan NP300,Nissan NV200,Nissan Navara,Nissan Note,Nissan Pathfinder,Nissan Presage,Nissan Presea,Nissan President,Nissan Primera,Nissan Pulsar,Nissan R'nessa,Nissan Rogue,Nissan Sentra,Nissan Serena,Nissan Skyline,Nissan Stagea,Nissan Sunny,Nissan Sylphy,Nissan Teana,Nissan Terrano,Nissan Terrano Regulus,Nissan Tiida,Nissan Tiida Latio,Nissan Tino,Nissan Wingroad,Nissan X-Trail,Nissan e-NV200,
                            Показать все (77)
                        ","CD20,CG10DE,CG13DE,CGA3DE,CR10DE,CR12DE,CR14DE,EM57,GA15DS,GA16DNE,HR15DE,HR16DE,K4M,K9K,KA24DE,M9T,MR18DE,MR20DE,QD32TI,QG13DE,QG15DE,QG16DE,QG18DD,QG18DE,QG18EM295P,QR20DD,QR20DE,QR25DD,QR25DE,RB20DE,RB20E,RB25DE,RB25DET,RB26DETTHICAS,RD28,SR16VE,SR18DE,SR20D,SR20DE,SR20DET,SR20VE,SR20VET,TD27TI,V9X,VG33E,VK45DD,VK45DE,VK50VE,VK56DE,VK56VD,VQ20DE,VQ23DE,VQ25DD,VQ25DE,VQ25DET,VQ25HR,VQ30DD,VQ30DE,VQ30DET,VQ35DE,VQ35HR,VQ37VHR,VQ40DE,VR30,VR30DDTT,VR38DETT,VR38DETTGR6,YD22DD,YD22DDT,YD22ETI,YD25DDT,YD25DDTI,YD25DDTI2WD,YD25DDTI4WD,YD25DDTIEUR,YS23,ZD30DDTI4WD,ZD30DDTIRB,ZD30DDTIWB"
https://www.amayama.com/ru/part/nissan/876n93u100,BOLT,876N9-3U100,Япония,189,-,>1,https://static.amayama.com/schemeparts/1568755189341_big.jpg,,,,,"Infiniti EX25,Infiniti EX35,Infiniti EX37,Infiniti FX30d,Infiniti FX35,Infiniti FX37,Infiniti FX50,Infiniti QX50,Infiniti QX70,Nissan Cube,Nissan Cube Cubic","CR14DE,HR15DE,V9X,VK50VE,VQ25DE,VQ25HR,VQ35HR,VQ37VHR"
https://www.amayama.com/ru/part/nissan/883471ba1a,BOLT,88347-1BA1A,Япония,223,-,>1,,,,,,"Infiniti EX25,Infiniti EX35,Infiniti EX37,Infiniti FX30d,Infiniti FX35,Infiniti FX37,Infiniti FX50,Infiniti QX50,Infiniti QX70","V9X,VK50VE,VQ25DE,VQ25HR,VQ35HR,VQ37VHR"
https://www.amayama.com/ru/part/nissan/2422879960,хомут,24228-79960,Япония,122,"0,002",>1,https://static.amayama.com/schemeparts/1567902042230_big.jpg,https://static.amayama.com/schemeparts/1596799135204_preview.jpg,,,,"Infiniti FX30d,Infiniti FX35,Infiniti FX37,Infiniti FX50,Infiniti M25,Infiniti M35,Infiniti M37,Infiniti M45,Infiniti M56,Infiniti Q70,Infiniti QX56,Infiniti QX70,Infiniti QX80,Nissan Armada,Nissan Atleon,Nissan Avenir,Nissan Cabstar,Nissan Cube,Nissan Expert,Nissan Leaf,Nissan March,Nissan Navara,Nissan Pathfinder,Nissan Patrol,Nissan Xterra,
                            Показать все (25)
                        ","4ZD1,CD20ET,CR14DE,CUMMINS,EM61,ISB5.4,QG18DE,SR20DE,SR20DET,V9X,VK50VE,VK56VD,VQ25HR,VQ35HR,VQ37VHR,VQ40DE,YD22DD,YD25DDTI,YD25DDTILWB,YD25DDTIMWB,YD25DDTISWB,ZD30DDTI,ZD30DDTILWB,ZD30DDTIMWB,ZD30DDTISWB"
https://www.amayama.com/ru/part/nissan/2422579902,клипса,24225-79902,Япония,270,"0,001",>1,https://static.amayama.com/schemeparts/1567746772146_big.jpg,https://static.amayama.com/schemeparts/1596793385043_preview.jpg,,,,"Infiniti EX25,Infiniti EX35,Infiniti EX37,Infiniti FX30d,Infiniti FX35,Infiniti FX37,Infiniti FX50,Infiniti G25,Infiniti G35,Infiniti G37,Infiniti JX35,Infiniti M25,Infiniti M35,Infiniti M37,Infiniti M45,Infiniti M56,Infiniti Q40,Infiniti Q45,Infiniti Q50,Infiniti Q60,Infiniti Q70,Infiniti QX50,Infiniti QX56,Infiniti QX60,Infiniti QX70,Infiniti QX80,Nissan 370Z,Nissan AD,Nissan Almera,Nissan Altima,Nissan Armada,Nissan Auster,Nissan Avenir,Nissan Bluebird,Nissan Bluebird Sylphy,Nissan Caravan,Nissan Cefiro,Nissan Cima,Nissan Cube,Nissan Cube Cubic,Nissan Dualis,Nissan Elgrand,Nissan Fairlady Z,Nissan Grand Livina,Nissan Juke,Nissan Lafesta,Nissan Largo,Nissan Latio,Nissan Livina,Nissan March,Nissan Maxima,Nissan Micra,Nissan Micra C+C,Nissan Murano,Nissan NP300,Nissan NV200,Nissan Navara,Nissan Note,Nissan Otti,Nissan Pathfinder,Nissan Patrol,Nissan Presage,Nissan President,Nissan Primera,Nissan Primera Camino,Nissan Pulsar,Nissan Qashqai,Nissan Qashqai+2,Nissan Quest,Nissan R'nessa,Nissan Rogue,Nissan Sentra,Nissan Serena,Nissan Skyline,Nissan Stanza,Nissan Sunny,Nissan Sylphy,Nissan Teana,Nissan Tiida,Nissan Tiida Latio,Nissan Titan,Nissan Vanette Serena,Nissan Wingroad,Nissan X-Trail,Nissan Xterra,
                            Показать все (85)
                        ","3G83,CA16S,CA18D,CA18DT,CA18I,CA18T,CA20E,CA20S,CD20,CD20ET,CD20TI,CEV8D1,CG10DE,CG12DE,CGA3DE,CR10DE,CR12DE,CR14DE,E16S,GA14DE,GA14DS,GA15DE,GA16DE,GA16DS,HR15DE,HR16DE,K9K,K9K.60KW,K9K.63KW,KA24DE,LD20,LD23,M9R,M9T,MR16DDT,MR18DE,MR20DD,MR20DE,MRA8DE,QD32ETI,QG13DE,QG15DE,QG16DE,QG18DD,QG18DE,QG18DEN,QR20DD,QR20DE,QR25,QR25DE,R9M,RB25DE,RB25DET,SR20DE,SR20DET,SR20VET,V9X,VG33E,VH45D,VK45DD,VK45DE,VK50VE,VK56DE,VK56VD,VQ20DE,VQ25DD,VQ25DE,VQ25HR,VQ35DD,VQ35DE,VQ35HR,VQ37VHR,VQ40DE,YD22DD,YD22DDT,YD22ETI,YD25,YD25DDTI,YS23,ZD30,ZD30DDTI2WD,ZD30DDTI4WD"
https://www.amayama.com/ru/part/nissan/88797en010,клипса,88797-EN010,Япония,95,"0,001",>1,https://static.amayama.com/schemeparts/1568648392796_big.jpg,,,,,"Infiniti FX30d,Infiniti FX35,Infiniti FX37,Infiniti FX50,Infiniti G25,Infiniti G35,Infiniti G37,Infiniti Q40,Infiniti Q60,Infiniti QX70,Nissan Bluebird Sylphy,Nissan Lafesta,Nissan Livina,Nissan Sylphy,Nissan Tiida","HR15DE,HR16DE,K9K,MR18DE,MR20DE,V9X,VK50VE,VQ25HR,VQ35HR,VQ37VHR"
https://www.amayama.com/ru/part/nissan/876483v60a,Клипса,87648-3V60A,Япония,88,"0,005",>1,https://static.amayama.com/schemeparts/1568648516452_big.jpg,,,,,"Infiniti EX25,Infiniti EX35,Infiniti EX37,Infiniti FX30d,Infiniti FX35,Infiniti FX37,Infiniti FX45,Infiniti FX50,Infiniti QX50,Infiniti QX70,Nissan Bluebird Sylphy,Nissan Lafesta,Nissan Murano,Nissan Sylphy","HR15DE,HR16DE,MR20DE,QR25DER,V9X,VK45DE,VK50VE,VQ25DE,VQ25HR,VQ35DE,VQ35HR,VQ37VHR"
https://www.amayama.com/ru/part/nissan/886951ba0c,"COVER-HINGE,REAR SEAT LH",88695-1BA0C,Япония,399,-,>1,,,,,,"Infiniti EX25,Infiniti EX35,Infiniti EX37,Infiniti FX30d,Infiniti FX35,Infiniti FX37,Infiniti FX50,Infiniti QX50,Infiniti QX70","V9X,VK50VE,VQ25DE,VQ25HR,VQ35HR,VQ37VHR"
https://www.amayama.com/ru/part/nissan/886951ba0a,"COVER-HINGE,REAR SEAT LH",88695-1BA0A,Япония,399,-,>1,,,,,,"Infiniti EX25,Infiniti EX35,Infiniti EX37,Infiniti FX30d,Infiniti FX35,Infiniti FX37,Infiniti FX50,Infiniti QX50,Infiniti QX70","V9X,VK50VE,VQ25DE,VQ25HR,VQ35HR,VQ37VHR"
https://www.amayama.com/ru/part/nissan/88304eg000,Клипса,88304-EG000,Япония,264,"0,02",>1,https://static.amayama.com/schemeparts/1568862780436_big.jpg,,,,,"Infiniti EX25,Infiniti EX35,Infiniti EX37,Infiniti FX30d,Infiniti FX35,Infiniti FX37,Infiniti FX50,Infiniti G25,Infiniti G35,Infiniti G37,Infiniti M25,Infiniti M35,Infiniti M37,Infiniti M45,Infiniti M56,Infiniti Q40,Infiniti Q50,Infiniti Q50L,Infiniti Q70,Infiniti QX50,Infiniti QX70,Nissan Fuga,Nissan Skyline,
                            Показать все (23)
                        ","V9X,VK45DE,VK50VE,VK56VD,VQ25DE,VQ25HR,VQ35DE,VQ35HR,VQ37VHR,VR30"
https://www.amayama.com/ru/part/nissan/8689979940,BOLT,86899-79940,Япония,189,-,>1,https://static.amayama.com/schemeparts/1568652032571_big.jpg,,,,,"Infiniti FX30d,Infiniti FX35,Infiniti FX37,Infiniti FX50,Infiniti QX70,Nissan Grand Livina,Nissan Latio,Nissan Livina,Nissan Tiida,Nissan Tiida Latio","HR15DE,HR16DE,MR18DE,V9X,VK50VE,VQ35HR,VQ37VHR"
https://www.amayama.com/ru/part/nissan/883c31ba1a,"BRACKET-HINGE,SEAT BACK LH",883C3-1BA1A,Япония,959,-,>1,,,,,,"Infiniti EX25,Infiniti EX35,Infiniti EX37,Infiniti FX30d,Infiniti FX35,Infiniti FX37,Infiniti FX50,Infiniti QX50,Infiniti QX70","V9X,VK50VE,VQ25DE,VQ25HR,VQ35HR,VQ37VHR"
https://www.amayama.com/ru/part/nissan/883421ba0b,BRACE-REAR SEAT,88342-1BA0B,Япония,405,-,>1,,,,,,"Infiniti EX25,Infiniti EX35,Infiniti EX37,Infiniti FX30d,Infiniti FX35,Infiniti FX37,Infiniti FX50,Infiniti QX50,Infiniti QX70","V9X,VK50VE,VQ25DE,VQ25HR,VQ35HR,VQ37VHR"
https://www.amayama.com/ru/part/nissan/883421ba0a,BRACE-REAR SEAT,88342-1BA0A,Япония,405,-,>1,,,,,,"Infiniti EX25,Infiniti EX35,Infiniti EX37,Infiniti FX30d,Infiniti FX35,Infiniti FX37,Infiniti FX50,Infiniti QX50,Infiniti QX70","V9X,VK50VE,VQ25DE,VQ25HR,VQ35HR,VQ37VHR"
Ссылка,Название,Номер,Страна,Цена,Вес,Остаток,Фото1,Фото2,Фото3,Фото4,Фото5,Описание1,Описание2
https://www.amayama.com/ru/part/mitsubishi/mr454103,OWNER'S MANUAL,MR454103,Япония,995,-,>1,https://static.amayama.com/schemeparts/1588103245708_big.jpg,,,,,"Mitsubishi Toppo BJ,Mitsubishi Toppo BJ Wide",4A31
https://www.amayama.com/ru/part/mitsubishi/mr454480,MAINTENANCE NOTE,MR454480,Япония,995,-,>1,https://static.amayama.com/schemeparts/1588103240395_big.jpg,,,,,"Mitsubishi Bravo,Mitsubishi Chariot Grandis,Mitsubishi Debonair,Mitsubishi Delica,Mitsubishi Galant,Mitsubishi Lancer,Mitsubishi Lancer Cedia,Mitsubishi Libero,Mitsubishi Mirage,Mitsubishi Pajero,Mitsubishi Strada,Mitsubishi Triton","4D56,4D68,4G13,4G15,4G63,4G92,4G93,4M40,6G72,6G74"
https://www.amayama.com/ru/part/mitsubishi/mb149357,"TOOL SET,STD",MB149357,Япония,2 919,"1,2",>1,https://static.amayama.com/schemeparts/1588102973831_big.jpg,,,,,Mitsubishi Starion,"G54B,G63B"
https://www.amayama.com/ru/part/mitsubishi/mb149152,Клипса,MB149152,Япония,139,"0,003",>1,https://static.amayama.com/schemeparts/1588102974700_big.jpg,,,,,"Mitsubishi Chariot,Mitsubishi Minica Toppo,Mitsubishi Minicab,Mitsubishi Starion","3G81,3G83,4D65,4G37,4G63,G23B,G32B,G37B,G54B,G62B,G63B"
https://www.amayama.com/ru/part/mitsubishi/mr209923,MAINTENANCE NOTE,MR209923,Япония,1 659,-,>1,https://static.amayama.com/schemeparts/1588103240395_big.jpg,,,,,"Mitsubishi Debonair,Mitsubishi Delica,Mitsubishi Galant,Mitsubishi Libero,Mitsubishi Pajero,Mitsubishi Strada","4D56,4D68,4G13,4G15,4G63,4G92,4G93,4M40,6G72,G37B"
https://www.amayama.com/ru/part/mitsubishi/9290b025,OWNER'S MANUAL,9290B025,Япония,995,-,>1,https://static.amayama.com/schemeparts/1588103245708_big.jpg,,,,,Mitsubishi Pajero Mini,4A30
https://www.amayama.com/ru/part/mitsubishi/9290a998,OWNER'S MANUAL,9290A998,Япония,995,-,>1,https://static.amayama.com/schemeparts/1588103245708_big.jpg,,,,,Mitsubishi Pajero Mini,4A30
https://www.amayama.com/ru/part/mitsubishi/mr570154,Эмблема,MR570154,Япония,716,"0,005",>1,https://static.amayama.com/schemeparts/1588103249231_big.jpg,,,,,"Mitsubishi Airtrek,Mitsubishi Chariot Grandis,Mitsubishi Colt,Mitsubishi Colt Plus,Mitsubishi Dion,Mitsubishi Grandis,Mitsubishi Lancer,Mitsubishi Lancer Cedia,Mitsubishi Outlander,Mitsubishi Pajero,Mitsubishi Pajero iO,Mitsubishi i","3B20,4A90,4A91,4B12,4G15,4G19,4G63,4G64,4G69,4G93,4G94,4M41,6G72,6G74,6G75"
https://www.amayama.com/ru/part/mitsubishi/9290b908,OWNER'S MANUAL,9290B908,Япония,995,-,>1,https://static.amayama.com/schemeparts/1588103249798_big.jpg,,,,,Mitsubishi Pajero,"6G72,6G75"
https://www.amayama.com/ru/part/mitsubishi/mn144550,OWNER'S MANUAL,MN144550,Япония,995,-,>1,https://static.amayama.com/schemeparts/1588103245708_big.jpg,,,,,Mitsubishi Pajero Mini,4A30
https://www.amayama.com/ru/part/mitsubishi/9290c448,OWNER'S MANUAL,9290C448,Япония,995,-,>1,https://static.amayama.com/schemeparts/1588103249798_big.jpg,,,,,Mitsubishi Outlander,"4B12,6B31"
https://www.amayama.com/ru/part/mitsubishi/9290c280,OWNER'S MANUAL,9290C280,Япония,995,-,>1,https://static.amayama.com/schemeparts/1588103249798_big.jpg,,,,,Mitsubishi Outlander,"4B12,6B31"
https://www.amayama.com/ru/part/mitsubishi/mr963457,OWNER'S MANUAL,MR963457,Япония,995,-,>1,https://static.amayama.com/schemeparts/1588103245708_big.jpg,,,,,Mitsubishi Pajero Mini,4A30
https://www.amayama.com/ru/part/mitsubishi/mr963111,OWNER'S MANUAL,MR963111,Япония,995,-,>1,https://static.amayama.com/schemeparts/1588103245708_big.jpg,,,,,Mitsubishi Pajero Mini,4A30
https://www.amayama.com/ru/part/mitsubishi/mr454232,OWNER'S INSTRUCTION VIDEO,MR454232,Япония,1 261,-,>1,https://static.amayama.com/schemeparts/1588103246707_big.jpg,,,,,Mitsubishi Minica,3G83
https://www.amayama.com/ru/part/mitsubishi/9290b625,OWNER'S MANUAL,9290B625,Япония,995,-,>1,https://static.amayama.com/schemeparts/1588103245708_big.jpg,,,,,Mitsubishi Minica,3G83
https://www.amayama.com/ru/part/mitsubishi/9290b126,OWNER'S MANUAL,9290B126,Япония,995,-,>1,https://static.amayama.com/schemeparts/1588103245708_big.jpg,,,,,Mitsubishi Minica,3G83
https://www.amayama.com/ru/part/mitsubishi/mn144553,OWNER'S MANUAL,MN144553,Япония,995,-,>1,https://static.amayama.com/schemeparts/1588103245708_big.jpg,,,,,Mitsubishi Minica,3G83
https://www.amayama.com/ru/part/mitsubishi/mr963837,OWNER'S MANUAL,MR963837,Япония,995,-,>1,https://static.amayama.com/schemeparts/1588103245708_big.jpg,,,,,Mitsubishi Minica,3G83
https://www.amayama.com/ru/part/mitsubishi/mr963375,OWNER'S MANUAL,MR963375,Япония,995,-,>1,https://static.amayama.com/schemeparts/1588103245708_big.jpg,,,,,Mitsubishi Minica,3G83
https://www.amayama.com/ru/part/mitsubishi/mr531734,OWNER'S MANUAL,MR531734,Япония,995,-,>1,https://static.amayama.com/schemeparts/1588103245708_big.jpg,,,,,Mitsubishi Minica,3G83
https://www.amayama.com/ru/part/mitsubishi/9290c453,MAINTENANCE NOTE,9290C453,Япония,995,-,>1,https://static.amayama.com/schemeparts/1588103244774_big.jpg,,,,,"Mitsubishi Minica,Mitsubishi Minicab,Mitsubishi Town Box,Mitsubishi Town Box Wide",3G83
https://www.amayama.com/ru/part/mitsubishi/9290a017,MAINTENANCE NOTE,9290A017,Япония,663,-,>1,https://static.amayama.com/schemeparts/1588103244774_big.jpg,,,,,"Mitsubishi Minica,Mitsubishi Minicab,Mitsubishi Town Box,Mitsubishi Town Box Wide",3G83
https://www.amayama.com/ru/part/mitsubishi/mr531553,Справочник,MR531553,Япония,1 408,"0,24",>1,https://static.amayama.com/schemeparts/1588103244774_big.jpg,,,,,"Mitsubishi Bravo,Mitsubishi Minica,Mitsubishi Minicab,Mitsubishi Toppo BJ,Mitsubishi Toppo BJ Wide,Mitsubishi Town Box,Mitsubishi Town Box Wide","3G83,4A30"
https://www.amayama.com/ru/part/mitsubishi/mr454473,MAINTENANCE NOTE,MR454473,Япония,995,-,>1,https://static.amayama.com/schemeparts/1588103244774_big.jpg,,,,,"Mitsubishi Bravo,Mitsubishi Minica,Mitsubishi Minicab,Mitsubishi Toppo BJ,Mitsubishi Toppo BJ Wide,Mitsubishi Town Box,Mitsubishi Town Box Wide","3G83,4A30"
https://www.amayama.com/ru/part/mitsubishi/mr209925,MAINTENANCE NOTE,MR209925,Япония,995,-,>1,https://static.amayama.com/schemeparts/1588103240395_big.jpg,,,,,"Mitsubishi Bravo,Mitsubishi Minica,Mitsubishi Minica Toppo,Mitsubishi Minicab","3G83,4A30"
https://www.amayama.com/ru/part/mitsubishi/mr454974,OWNER'S MANUAL,MR454974,Япония,995,-,>1,https://static.amayama.com/schemeparts/1588103245708_big.jpg,,,,,Mitsubishi Minica,"3G83,4A31"
https://www.amayama.com/ru/part/mitsubishi/mr454414,OWNER'S MANUAL,MR454414,Япония,995,-,>1,https://static.amayama.com/schemeparts/1588103245708_big.jpg,,,,,Mitsubishi Minica,3G83
https://www.amayama.com/ru/part/mitsubishi/mr269637,OWNER'S MANUAL,MR269637,Япония,995,-,>1,https://static.amayama.com/schemeparts/1588103245708_big.jpg,,,,,Mitsubishi Minica,3G83
https://www.amayama.com/ru/part/mitsubishi/mr454971,OWNER'S MANUAL,MR454971,Япония,995,-,>1,https://static.amayama.com/schemeparts/1588103245708_big.jpg,,,,,Mitsubishi Pajero Mini,4A30
https://www.amayama.com/ru/part/mitsubishi/9290c454,Справочник,9290C454,Япония,2 815,"0,22",>1,https://static.amayama.com/schemeparts/1588103246226_big.jpg,,,,,"Mitsubishi Bravo,Mitsubishi Delica,Mitsubishi Delica D:5,Mitsubishi Galant Fortis,Mitsubishi Lancer,Mitsubishi Lancer Cedia,Mitsubishi Lancer Evolution,Mitsubishi Minica,Mitsubishi Minicab,Mitsubishi Outlander,Mitsubishi Pajero Mini,Mitsubishi Toppo,Mitsubishi eK Wagon,Mitsubishi ek Custom,Mitsubishi i","3B20,3G83,4A30,4B11,4B12,4G15,4G93,6B31"
https://www.amayama.com/ru/part/mitsubishi/mr963723,OWNER'S MANUAL,MR963723,Япония,332,-,>1,https://static.amayama.com/schemeparts/1588103245275_big.jpg,,,,,"Mitsubishi Minica,Mitsubishi Minicab,Mitsubishi Town Box,Mitsubishi Town Box Wide",3G83
https://www.amayama.com/ru/part/mitsubishi/9290a018,MAINTENANCE NOTE,9290A018,Япония,2 815,"0,22",>1,https://static.amayama.com/schemeparts/1588103240395_big.jpg,,,,,"Mitsubishi Airtrek,Mitsubishi Aspire,Mitsubishi Bravo,Mitsubishi Colt,Mitsubishi Colt Plus,Mitsubishi Delica,Mitsubishi Delica D:5,Mitsubishi Diamante,Mitsubishi Dion,Mitsubishi Eclipse,Mitsubishi Galant,Mitsubishi Galant Fortis,Mitsubishi Grandis,Mitsubishi Lancer,Mitsubishi Lancer Cedia,Mitsubishi Lancer Evolution,Mitsubishi Minica,Mitsubishi Minicab,Mitsubishi Outlander,Mitsubishi Pajero,Mitsubishi Pajero Mini,Mitsubishi Pajero iO,Mitsubishi Town Box,Mitsubishi Town Box Wide,Mitsubishi Triton,Mitsubishi eK Wagon,Mitsubishi ek Custom,Mitsubishi i,
                            Показать все (28)
                        ","3B20,3G83,4A30,4A90,4A91,4B12,4G15,4G19,4G63,4G64,4G69,4G93,4G94,4M40,4M41,6A13,6B31,6G72,6G74,6G75"
https://www.amayama.com/ru/part/mitsubishi/mr363052,OWNER'S MANUAL,MR363052,Япония,995,-,>1,https://static.amayama.com/schemeparts/1588103252815_big.jpg,,,,,Mitsubishi Minica Toppo,"3G83,4A30"
https://www.amayama.com/ru/part/mitsubishi/mr269658,OWNER'S MANUAL,MR269658,Япония,995,-,>1,https://static.amayama.com/schemeparts/1588103252815_big.jpg,,,,,Mitsubishi Minica Toppo,"3G83,4A30"
https://www.amayama.com/ru/part/mitsubishi/mr963064,OWNER'S MANUAL,MR963064,Япония,332,-,>1,https://static.amayama.com/schemeparts/1588103252815_big.jpg,,,,,"Mitsubishi Minicab,Mitsubishi Town Box,Mitsubishi Town Box Wide","3G83,4A30,4A31"
https://www.amayama.com/ru/part/mitsubishi/mr531538,OWNER'S MANUAL,MR531538,Япония,995,-,>1,https://static.amayama.com/schemeparts/1588103252815_big.jpg,,,,,"Mitsubishi Minicab,Mitsubishi Town Box,Mitsubishi Town Box Wide",4A31
https://www.amayama.com/ru/part/mitsubishi/mr454131,Справочник,MR454131,Япония,995,"0,22",>1,https://static.amayama.com/schemeparts/1588103252815_big.jpg,,,,,"Mitsubishi Minicab,Mitsubishi Town Box,Mitsubishi Town Box Wide",4A31
https://www.amayama.com/ru/part/mitsubishi/mr531551,OWNER'S MANUAL,MR531551,Япония,1 689,"0,5",>1,https://static.amayama.com/schemeparts/1588103245275_big.jpg,,,,,"Mitsubishi Chariot Grandis,Mitsubishi Dingo,Mitsubishi Dion,Mitsubishi Lancer,Mitsubishi Lancer Cedia,Mitsubishi Minicab,Mitsubishi Mirage,Mitsubishi Pajero,Mitsubishi Pajero Mini,Mitsubishi Pajero iO,Mitsubishi RVR,Mitsubishi Toppo BJ,Mitsubishi Toppo BJ Wide,Mitsubishi Town Box,Mitsubishi Town Box Wide","3G83,4A30,4A31,4G15,4G63,4G64,4G93,4G94,4M41,6G72,6G74"
https://www.amayama.com/ru/part/mitsubishi/mr454173,OWNER'S MANUAL,MR454173,Япония,1 194,-,>1,https://static.amayama.com/schemeparts/1588103245275_big.jpg,,,,,"Mitsubishi Minicab,Mitsubishi Pajero Mini,Mitsubishi Town Box,Mitsubishi Town Box Wide","3G83,4A30,4A31"
https://www.amayama.com/ru/part/mitsubishi/mr269722,OWNER'S MANUAL,MR269722,Япония,1 194,-,>1,https://static.amayama.com/schemeparts/1588103245275_big.jpg,,,,,"Mitsubishi Dingo,Mitsubishi Dion,Mitsubishi Minicab,Mitsubishi Mirage,Mitsubishi Pajero,Mitsubishi Pajero Mini,Mitsubishi Pajero iO,Mitsubishi RVR,Mitsubishi Toppo BJ,Mitsubishi Toppo BJ Wide,Mitsubishi Town Box,Mitsubishi Town Box Wide","3G83,4A30,4A31,4G15,4G63,4G64,4G93,4M41,6G74"
https://www.amayama.com/ru/part/mitsubishi/mr531817,OWNER'S MANUAL,MR531817,Япония,1 194,-,>1,https://static.amayama.com/schemeparts/1588103245275_big.jpg,,,,,"Mitsubishi Dingo,Mitsubishi Minicab,Mitsubishi Mirage,Mitsubishi Pajero Mini,Mitsubishi Town Box,Mitsubishi Town Box Wide","3G83,4A30,4G15,4G93"
https://www.amayama.com/ru/part/mitsubishi/mr531727,Справочник,MR531727,Япония,995,"0,24",>1,https://static.amayama.com/schemeparts/1588103252815_big.jpg,,,,,"Mitsubishi Dingo,Mitsubishi Mirage","4G13,4G15,4G93"
https://www.amayama.com/ru/part/mitsubishi/9290c444,Справочник,9290C444,Япония,1 877,"0,25",>1,https://static.amayama.com/schemeparts/1588103244774_big.jpg,,,,,"Mitsubishi Airtrek,Mitsubishi Aspire,Mitsubishi Colt,Mitsubishi Colt Plus,Mitsubishi Delica,Mitsubishi Delica D:5,Mitsubishi Diamante,Mitsubishi Dion,Mitsubishi Galant,Mitsubishi Galant Fortis,Mitsubishi Grandis,Mitsubishi Lancer,Mitsubishi Lancer Cedia,Mitsubishi Lancer Evolution,Mitsubishi Minica,Mitsubishi Minicab,Mitsubishi Outlander,Mitsubishi Pajero,Mitsubishi Pajero Mini,Mitsubishi Pajero iO,Mitsubishi Toppo,Mitsubishi Town Box,Mitsubishi Town Box Wide,Mitsubishi eK Wagon,Mitsubishi ek Custom,Mitsubishi i,
                            Показать все (26)
                        ","3B20,3G83,4A30,4A90,4A91,4B11,4B12,4G15,4G19,4G63,4G64,4G69,4G93,4G94,4M40,4M41,6A13,6B31,6G72,6G74,6G75"
https://www.amayama.com/ru/part/mitsubishi/9290c273,MAINTENANCE NOTE,9290C273,Япония,2 815,"0,22",>1,https://static.amayama.com/schemeparts/1588103246226_big.jpg,,,,,"Mitsubishi Airtrek,Mitsubishi Aspire,Mitsubishi Bravo,Mitsubishi Colt,Mitsubishi Colt Plus,Mitsubishi Delica,Mitsubishi Delica D:5,Mitsubishi Diamante,Mitsubishi Dion,Mitsubishi Eclipse,Mitsubishi Galant,Mitsubishi Galant Fortis,Mitsubishi Grandis,Mitsubishi Lancer,Mitsubishi Lancer Cedia,Mitsubishi Lancer Evolution,Mitsubishi Minica,Mitsubishi Minicab,Mitsubishi Outlander,Mitsubishi Pajero,Mitsubishi Pajero Mini,Mitsubishi Pajero iO,Mitsubishi Town Box,Mitsubishi Town Box Wide,Mitsubishi Triton,Mitsubishi eK Wagon,Mitsubishi ek Custom,Mitsubishi i,
                            Показать все (28)
                        ","3B20,3G83,4A30,4A90,4A91,4B11,4B12,4G15,4G19,4G63,4G64,4G69,4G93,4G94,4M40,4M41,6A13,6B31,6G72,6G74,6G75"
https://www.amayama.com/ru/part/mitsubishi/9290c434,OWNER'S MANUAL,9290C434,Япония,995,-,>1,https://static.amayama.com/schemeparts/1588103250354_big.jpg,,,,,"Mitsubishi Delica,Mitsubishi Delica D:5,Mitsubishi Outlander,Mitsubishi Pajero","4B11,4B12,4M41,6B31,6G72,6G75"
https://www.amayama.com/ru/part/mitsubishi/9290b902,MAINTENANCE NOTE,9290B902,Япония,1 877,"0,25",>1,https://static.amayama.com/schemeparts/1588103244774_big.jpg,,,,,"Mitsubishi Colt,Mitsubishi Colt Plus,Mitsubishi Delica,Mitsubishi Delica D:5,Mitsubishi Galant Fortis,Mitsubishi Grandis,Mitsubishi Lancer,Mitsubishi Lancer Cedia,Mitsubishi Lancer Evolution,Mitsubishi Minica,Mitsubishi Minicab,Mitsubishi Outlander,Mitsubishi Pajero,Mitsubishi Pajero Mini,Mitsubishi Pajero iO,Mitsubishi Toppo,Mitsubishi Town Box,Mitsubishi Town Box Wide,Mitsubishi eK Wagon,Mitsubishi ek Custom,Mitsubishi i,
                            Показать все (21)
                        ","3B20,3G83,4A30,4A90,4A91,4B11,4B12,4G15,4G63,4G69,4G93,4G94,6B31,6G72,6G75"
https://www.amayama.com/ru/part/mitsubishi/9290c424,Инструмент,9290C424,Япония,1 408,"0,29",>1,https://static.amayama.com/schemeparts/1588103250354_big.jpg,,,,,"Mitsubishi Delica,Mitsubishi Delica D:5,Mitsubishi Galant Fortis,Mitsubishi Lancer Evolution,Mitsubishi Outlander,Mitsubishi Pajero","4B11,4B12,6B31,6G72,6G75"
https://www.amayama.com/ru/part/mitsubishi/9290b442,OWNER'S MANUAL,9290B442,Япония,995,-,>1,https://static.amayama.com/schemeparts/1588103250354_big.jpg,,,,,"Mitsubishi Delica,Mitsubishi Delica D:5,Mitsubishi Outlander,Mitsubishi Pajero","4B11,4B12,4M41,6B31,6G72,6G75"
https://www.amayama.com/ru/part/mitsubishi/9290c281,OWNER'S MANUAL,9290C281,Япония,995,-,>1,https://static.amayama.com/schemeparts/1588103250354_big.jpg,,,,,"Mitsubishi Delica,Mitsubishi Delica D:5,Mitsubishi Galant Fortis,Mitsubishi Lancer Evolution,Mitsubishi Outlander,Mitsubishi Pajero","4B11,4B12,6B31,6G72,6G75"
Ссылка,Название,Номер,Страна,Цена,Вес,Остаток,Фото1,Фото2,Фото3,Фото4,Фото5,Описание1,Описание2
https://www.amayama.com/ru/part/subaru/803008120,Шайба,803008120,Япония,29,"0,01",>1,,,,,,"Subaru Domingo,Subaru Exiga,Subaru Forester,Subaru Impreza,Subaru Impreza WRX,Subaru Impreza WRX STI,Subaru Justy,Subaru Legacy,Subaru Legacy B4,Subaru Outback,Subaru Sambar","EF10,EF10A,EF12A,EJ151,EJ152,EJ154,EJ15E,EJ161,EJ16E,EJ181,EJ18E,EJ20,EJ201,EJ202,EJ203,EJ204,EJ205,EJ206,EJ207,EJ208,EJ20C,EJ20E,EJ20G,EJ20J,EJ20K,EJ20X,EJ20Y,EJ22E,EJ22G,EJ251,EJ252,EJ253,EJ254,EJ255,EJ257,EJ25D,EK23,EL154"
Ссылка,Название,Номер,Страна,Цена,Вес,Остаток,Фото1,Фото2,Фото3,Фото4,Фото5,Описание1,Описание2
https://www.amayama.com/ru/part/honda/46402scc003,Шланг резиновый,46402-SCC-003,Япония,2 428,"0,17",>1,https://static.amayama.com/schemeparts/1568832084806_big.jpg,,,,,,"HondaMobilio,HondaMobilioSpike"
https://www.amayama.com/ru/part/honda/46402s3vj02,"Honda
                    (46402S3VJ02)",46402-S3V-J02,Япония,3 036,-,>1,,,,,,,HondaMDX
https://www.amayama.com/ru/part/honda/01466s3va00,шланг тормозной,01466-S3V-A00,Япония,4 376,"0,51",>1,https://static.amayama.com/schemeparts/1568766013316_big.jpg,,,,,,"HondaMDX,HondaMR-V,HondaPilot"
https://www.amayama.com/ru/part/honda/01465sap000,Шланг резиновый,01465-SAP-000,Япония,2 390,"0,13",>1,https://static.amayama.com/schemeparts/1568750951268_big.jpg,,,,,,"HondaLife,HondaLifeDunk"
https://www.amayama.com/ru/part/honda/46402sfc013,"Honda
                    (46402SFC013)",46402-SFC-013,Япония,1 804,-,>1,,,,,,,"HondaLife,HondaZest"
https://www.amayama.com/ru/part/honda/90111sp0000,болт,90111-SP0-000,Япония,46,"0,01",>1,https://static.amayama.com/schemeparts/1568941524313_big.jpg,,,,,,"HondaInspire,HondaLegend,HondaSaber,HondaVigor"
https://www.amayama.com/ru/part/honda/91555s2r003,Клипса,91555-S2R-003,Япония,99,"0,002",>1,https://static.amayama.com/schemeparts/1568753642275_big.jpg,,,,,,"HondaAirwave,HondaCity,HondaCrossroad,HondaFit,HondaFitAria,HondaFreed,HondaInsight,HondaJazz,HondaLegend,HondaMobilio,HondaZ"
https://www.amayama.com/ru/part/honda/01466s0xa00,"HOSE SET, RR. BRAKE",01466-S0X-A00,Япония,4 262,"0,1",>1,https://static.amayama.com/schemeparts/1568736443042_big.jpg,,,,,,"HondaLagreat,HondaOdyssey"
https://www.amayama.com/ru/part/honda/84523tf0e01,"BOX, CARGO FLOOR",84523-TF0-E01,Япония,4 071,-,>1,,,,,,,HondaJazz
https://www.amayama.com/ru/part/honda/9391314280,Винт,93913-14280,Япония,19,"0,003",>1,https://static.amayama.com/schemeparts/1568719210303_big.jpg,,,,,"
                            Показать все (53)
                        ","HondaAccord,HondaAccordAerodeck,HondaAccordInspire,HondaAccordTourer,HondaActy,HondaActyTruck,HondaAscot,HondaAscotInnova,HondaAvancier,HondaBallade,HondaBeat,HondaCR-V,HondaCR-X,HondaCR-XdelSol,HondaCity,HondaCivic,HondaCivicAerodeck,HondaCivicCRX,HondaCivicFerio,HondaCivicShuttle,HondaConcerto,HondaCrossroad,HondaDomani,HondaElysion,HondaFit,HondaHR-V,HondaInsight,HondaInspire,HondaIntegra,HondaIntegraSJ,HondaJazz,HondaLagreat,HondaLegend,HondaLife,HondaNSX,HondaOdyssey,HondaOrthia,HondaPartner,HondaPilot,HondaPrelude,HondaQuintet,HondaRafaga,HondaS-MX,HondaS2000,HondaSaber,HondaShuttle,HondaStepwgn,HondaStream,HondaToday,HondaTorneo,HondaVamos,HondaVamosHobio,HondaVigor"
https://www.amayama.com/ru/part/honda/01465sdaa01,Шланг резиновый,01465-SDA-A01,Япония,2 785,"0,13",>1,https://static.amayama.com/schemeparts/1568853717015_big.jpg,,,,,,"HondaAccord,HondaAccordTourer,HondaInspire"
https://www.amayama.com/ru/part/honda/46402sfy013,"Honda
                    (46402SFY013)",46402-SFY-013,Япония,2 412,-,>1,,,,,,,HondaInspire
https://www.amayama.com/ru/part/honda/957010602508,Болт,95701-060-2508,Япония,30,"0,01",>1,https://static.amayama.com/schemeparts/1568717941285_big.jpg,,,,,"
                            Показать все (68)
                        ","HondaAccord,HondaAccordAerodeck,HondaAccordInspire,HondaAccordTourer,HondaActy,HondaActyTruck,HondaAirwave,HondaAscot,HondaAscotInnova,HondaAvancier,HondaBallade,HondaBeat,HondaCR-V,HondaCR-X,HondaCR-XdelSol,HondaCapa,HondaCity,HondaCivic,HondaCivicAerodeck,HondaCivicCRX,HondaCivicFerio,HondaCivicShuttle,HondaConcerto,HondaCrossroad,HondaDomani,HondaEdix,HondaElement,HondaElysion,HondaFR-V,HondaFit,HondaFitAria,HondaFreed,HondaHR-V,HondaInsight,HondaInspire,HondaIntegra,HondaIntegraSJ,HondaJazz,HondaLagreat,HondaLegend,HondaLife,HondaLifeDunk,HondaLogo,HondaMDX,HondaMR-V,HondaMobilio,HondaMobilioSpike,HondaNSX,HondaOdyssey,HondaOrthia,HondaPartner,HondaPilot,HondaPrelude,HondaRafaga,HondaS-MX,HondaS2000,HondaSaber,HondaShuttle,HondaStepwgn,HondaStream,HondaThat's,HondaToday,HondaTorneo,HondaVamos,HondaVamosHobio,HondaVigor,HondaZ,HondaZest"
https://www.amayama.com/ru/part/honda/01466sfa000,"Honda
                    (01466SFA000)",01466-SFA-000,Япония,1 644,-,>1,,,,,,,"HondaLife,HondaZest"
https://www.amayama.com/ru/part/honda/01465sfa000,Шланг резиновый,01465-SFA-000,Япония,2 040,"0,15",>1,https://static.amayama.com/schemeparts/1568866777977_big.jpg,,,,,,"HondaLife,HondaZest"
https://www.amayama.com/ru/part/honda/01464sfa000,Шланг тормозной,01464-SFA-000,Япония,1 986,"0,15",>1,https://static.amayama.com/schemeparts/1568866777251_big.jpg,,,,,,"HondaLife,HondaZest"
https://www.amayama.com/ru/part/honda/934030602008,Болт,93403-060-2008,Япония,30,"0,005",>1,https://static.amayama.com/schemeparts/1568718324387_big.jpg,,,,,"
                            Показать все (60)
                        ","HondaAccord,HondaAccordAerodeck,HondaAccordInspire,HondaAccordTourer,HondaActy,HondaActyTruck,HondaAscot,HondaAscotInnova,HondaAvancier,HondaBallade,HondaBeat,HondaCR-V,HondaCR-X,HondaCR-XdelSol,HondaCapa,HondaCity,HondaCivic,HondaCivicAerodeck,HondaCivicCRX,HondaCivicFerio,HondaCivicShuttle,HondaDomani,HondaEdix,HondaElement,HondaElysion,HondaFR-V,HondaFit,HondaFitAria,HondaFreed,HondaHR-V,HondaInsight,HondaInspire,HondaIntegra,HondaIntegraSJ,HondaJazz,HondaLagreat,HondaLegend,HondaLife,HondaLogo,HondaMDX,HondaMR-V,HondaMobilioSpike,HondaNSX,HondaOdyssey,HondaOrthia,HondaPartner,HondaPilot,HondaPrelude,HondaRafaga,HondaS-MX,HondaS2000,HondaSaber,HondaShuttle,HondaStepwgn,HondaStream,HondaThat's,HondaToday,HondaTorneo,HondaVamos,HondaVigor"
https://www.amayama.com/ru/part/honda/934030601208,Болт с шайбой,93403-060-1208,Япония,30,"0,007",>1,https://static.amayama.com/amayama/1555910657619_big.jpg,https://static.amayama.com/amayama/1555910938159_preview.jpg,https://static.amayama.com/schemeparts/1568717803775_preview.jpg,,,"
                            Показать все (69)
                        ","HondaAccord,HondaAccordAerodeck,HondaAccordInspire,HondaAccordTourer,HondaActy,HondaActyTruck,HondaAirwave,HondaAscot,HondaAscotInnova,HondaAvancier,HondaBallade,HondaBeat,HondaCR-V,HondaCR-X,HondaCR-XdelSol,HondaCapa,HondaCity,HondaCivic,HondaCivicAerodeck,HondaCivicCRX,HondaCivicFerio,HondaCivicShuttle,HondaConcerto,HondaCrossroad,HondaDomani,HondaEdix,HondaElement,HondaElysion,HondaFR-V,HondaFit,HondaFitAria,HondaFreed,HondaHR-V,HondaInsight,HondaInspire,HondaIntegra,HondaIntegraSJ,HondaJazz,HondaLagreat,HondaLegend,HondaLife,HondaLifeDunk,HondaLogo,HondaMDX,HondaMR-V,HondaMobilio,HondaMobilioSpike,HondaNSX,HondaOdyssey,HondaOrthia,HondaPartner,HondaPilot,HondaPrelude,HondaQuintet,HondaRafaga,HondaS-MX,HondaS2000,HondaSaber,HondaShuttle,HondaStepwgn,HondaStream,HondaThat's,HondaToday,HondaTorneo,HondaVamos,HondaVamosHobio,HondaVigor,HondaZ,HondaZest"
https://www.amayama.com/ru/part/honda/91548sr3003,Клипса,91548-SR3-003,Япония,84,"0,003",>1,https://static.amayama.com/schemeparts/1568719848975_big.jpg,,,,,"
                            Показать все (33)
                        ","HondaAccord,HondaAccordTourer,HondaAirwave,HondaBallade,HondaCR-V,HondaCR-X,HondaCR-XdelSol,HondaCapa,HondaCity,HondaCivic,HondaCivicAerodeck,HondaCivicCRX,HondaCivicFerio,HondaDomani,HondaElement,HondaFR-V,HondaFit,HondaFitAria,HondaHR-V,HondaInspire,HondaIntegra,HondaIntegraSJ,HondaJazz,HondaLife,HondaLogo,HondaMDX,HondaOdyssey,HondaOrthia,HondaPartner,HondaStepwgn,HondaToday,HondaZ,HondaZest"
https://www.amayama.com/ru/part/honda/80873s50000,Кольцо резиновое,80873-S50-000,Япония,99,"0,001",>1,https://static.amayama.com/schemeparts/1568748417917_big.jpg,,,,,,"HondaAccord,HondaActy,HondaActyTruck,HondaCapa,HondaCivic,HondaEdix,HondaFR-V,HondaHR-V,HondaJazz,HondaLegend,HondaLife,HondaLifeDunk,HondaLogo,HondaThat's,HondaVamos,HondaVamosHobio,HondaZ,HondaZest"
https://www.amayama.com/ru/part/honda/80871s50000,Прокладка,80871-S50-000,Япония,107,"0,002",>1,https://static.amayama.com/schemeparts/1568748438615_big.jpg,,,,,,"HondaAccord,HondaActy,HondaActyTruck,HondaCapa,HondaCivic,HondaEdix,HondaFR-V,HondaHR-V,HondaLegend,HondaLife,HondaLifeDunk,HondaLogo,HondaThat's,HondaVamos,HondaVamosHobio,HondaZ,HondaZest"
https://www.amayama.com/ru/part/honda/80866st0003,Крышка пластиковая,80866-ST0-003,Япония,129,"0,004",>1,https://static.amayama.com/amayama/1477305766833_big.jpg,https://static.amayama.com/schemeparts/1568723308391_preview.jpg,,,,"
                            Показать все (40)
                        ","HondaAccord,HondaAccordAerodeck,HondaActy,HondaActyTruck,HondaAscot,HondaAvancier,HondaBallade,HondaBeat,HondaCR-V,HondaCR-X,HondaCR-XdelSol,HondaCapa,HondaCity,HondaCivic,HondaCivicAerodeck,HondaCivicCRX,HondaCivicFerio,HondaCivicShuttle,HondaCrossroad,HondaDomani,HondaFR-V,HondaFit,HondaFreed,HondaHR-V,HondaInsight,HondaIntegra,HondaIntegraSJ,HondaJazz,HondaLife,HondaLifeDunk,HondaLogo,HondaOdyssey,HondaOrthia,HondaPartner,HondaRafaga,HondaStream,HondaThat's,HondaToday,HondaTorneo,HondaZest"
https://www.amayama.com/ru/part/honda/80865sl0003,Заглушка пластиковая,80865-SL0-003,Япония,251,"0,003",>1,https://static.amayama.com/schemeparts/1568728012354_big.jpg,,,,,"
                            Показать все (28)
                        ","HondaAccord,HondaAccordAerodeck,HondaAccordTourer,HondaActy,HondaActyTruck,HondaAscot,HondaBeat,HondaCR-V,HondaCapa,HondaCivic,HondaCivicShuttle,HondaEdix,HondaFR-V,HondaHR-V,HondaInsight,HondaIntegra,HondaLife,HondaNSX,HondaOrthia,HondaPrelude,HondaRafaga,HondaS-MX,HondaS2000,HondaStepwgn,HondaToday,HondaTorneo,HondaZ,HondaZest"
https://www.amayama.com/ru/part/honda/80440sw5003,Датчик давления системы кондиционирования,80440-SW5-003,Япония,2 230,"0,03",>1,https://static.amayama.com/schemeparts/1568732530582_big.jpg,,,,,"
                            Показать все (25)
                        ","HondaAccord,HondaAccordTourer,HondaActy,HondaActyTruck,HondaAvancier,HondaCR-V,HondaCapa,HondaCity,HondaCivic,HondaCivicFerio,HondaElement,HondaFitAria,HondaHR-V,HondaInsight,HondaInspire,HondaLife,HondaLifeDunk,HondaLogo,HondaSaber,HondaThat's,HondaTorneo,HondaVamos,HondaVamosHobio,HondaVigor,HondaZ"
https://www.amayama.com/ru/part/honda/80381sv7a01,Клипса,80381-SV7-A01,Япония,320,"0,005",>1,https://static.amayama.com/schemeparts/1568731244625_big.jpg,,,,,"
                            Показать все (30)
                        ","HondaAccord,HondaAccordTourer,HondaAirwave,HondaAvancier,HondaCR-V,HondaCity,HondaCivic,HondaCrossroad,HondaEdix,HondaFR-V,HondaFit,HondaFitAria,HondaHR-V,HondaInsight,HondaInspire,HondaJazz,HondaLagreat,HondaMDX,HondaMR-V,HondaMobilio,HondaMobilioSpike,HondaOdyssey,HondaPartner,HondaPilot,HondaS2000,HondaSaber,HondaStepwgn,HondaStream,HondaTorneo,HondaZ"
https://www.amayama.com/ru/part/honda/80361s2g000,Скоба,80361-S2G-000,Япония,365,"0,03",>1,https://static.amayama.com/schemeparts/1568748436063_big.jpg,,,,,,"HondaAirwave,HondaCR-V,HondaCapa,HondaEdix,HondaFR-V,HondaFit,HondaHR-V,HondaJazz,HondaPartner"
https://www.amayama.com/ru/part/honda/80440sw5a01,Датчик кондиционера,80440-SW5-A01,Япония,2 230,"0,024",>1,https://static.amayama.com/schemeparts/1568731247220_big.jpg,,,,,"
                            Показать все (25)
                        ","HondaAccord,HondaAccordTourer,HondaActy,HondaActyTruck,HondaAvancier,HondaCR-V,HondaCapa,HondaCity,HondaCivic,HondaCivicFerio,HondaElement,HondaFitAria,HondaHR-V,HondaInsight,HondaInspire,HondaLife,HondaLifeDunk,HondaLogo,HondaSaber,HondaThat's,HondaTorneo,HondaVamos,HondaVamosHobio,HondaVigor,HondaZ"
https://www.amayama.com/ru/part/honda/80352s04000,Зажим,80352-S04-000,Япония,776,"0,1",>1,https://static.amayama.com/schemeparts/1568723314471_big.jpg,,,,,,"HondaBallade,HondaCR-V,HondaCivic,HondaCivicFerio,HondaDomani,HondaHR-V,HondaIntegraSJ,HondaLogo,HondaOrthia,HondaPartner"
https://www.amayama.com/ru/part/honda/80351s2h003,Ресивер кондиционера,80351-S2H-003,Япония,7 496,"0,4",>1,https://static.amayama.com/schemeparts/1568749749879_big.jpg,,,,,,HondaHR-V
https://www.amayama.com/ru/part/honda/80341s2h003,Трубка металлическая,80341-S2H-003,Япония,2 899,"0,1",>1,https://static.amayama.com/schemeparts/1568749749066_big.jpg,,,,,,HondaHR-V
https://www.amayama.com/ru/part/honda/80331s2h003,Трубка металлическая,80331-S2H-003,Япония,2 062,"0,06",>1,https://static.amayama.com/schemeparts/1568749748303_big.jpg,,,,,,HondaHR-V
https://www.amayama.com/ru/part/honda/80315s2h003,Шланг резиновый,80315-S2H-003,Япония,6 278,"0,18",>1,https://static.amayama.com/schemeparts/1568749747434_big.jpg,,,,,,HondaHR-V
https://www.amayama.com/ru/part/honda/80311s2h003,Шланг резиновый,80311-S2H-003,Япония,8 143,"0,44",>1,https://static.amayama.com/schemeparts/1568749746655_big.jpg,,,,,,HondaHR-V
https://www.amayama.com/ru/part/honda/80050sp0000,Эмблема,80050-SP0-000,Япония,65,"0,002",>1,https://static.amayama.com/amayama/1553737160662_big.jpg,https://static.amayama.com/amayama/1553737201402_preview.jpg,https://static.amayama.com/schemeparts/1568719838025_preview.jpg,,,"
                            Показать все (51)
                        ","HondaAccord,HondaAccordAerodeck,HondaAccordTourer,HondaActy,HondaActyTruck,HondaAscot,HondaAscotInnova,HondaAvancier,HondaBallade,HondaBeat,HondaCR-V,HondaCR-X,HondaCR-XdelSol,HondaCapa,HondaCity,HondaCivic,HondaCivicAerodeck,HondaCivicCRX,HondaCivicFerio,HondaCivicShuttle,HondaDomani,HondaFR-V,HondaHR-V,HondaInsight,HondaInspire,HondaIntegra,HondaIntegraSJ,HondaJazz,HondaLagreat,HondaLegend,HondaLife,HondaLogo,HondaMR-V,HondaNSX,HondaOdyssey,HondaOrthia,HondaPartner,HondaPilot,HondaPrelude,HondaRafaga,HondaS-MX,HondaS2000,HondaSaber,HondaShuttle,HondaStepwgn,HondaStream,HondaToday,HondaTorneo,HondaVamos,HondaVigor,HondaZ"
https://www.amayama.com/ru/part/honda/01468sdaa50,Шланг резиновый,01468-SDA-A50,Япония,3 493,"0,14",>1,https://static.amayama.com/schemeparts/1568874969407_big.jpg,,,,,,"HondaAccord,HondaInspire"
https://www.amayama.com/ru/part/honda/01466sdaa50,шланг тормозной,01466-SDA-A50,Япония,3 493,"0,15",>1,https://static.amayama.com/schemeparts/1568874968441_big.jpg,,,,,,"HondaAccord,HondaInspire"
https://www.amayama.com/ru/part/honda/01464sdaa01,Шланг резиновый,01464-SDA-A01,Япония,2 785,"0,2",>1,https://static.amayama.com/schemeparts/1568853716107_big.jpg,,,,,,"HondaAccord,HondaAccordTourer,HondaInspire"
https://www.amayama.com/ru/part/honda/90666sd4003,Клипса металлическая кузовная,90666-SD4-003,Япония,91,"0,003",>1,https://static.amayama.com/amayama/1477305749492_big.jpg,https://static.amayama.com/schemeparts/1568718531421_preview.jpg,,,,"
                            Показать все (50)
                        ","HondaAccord,HondaAccordAerodeck,HondaAccordTourer,HondaActy,HondaActyTruck,HondaAscot,HondaAscotInnova,HondaAvancier,HondaBallade,HondaBeat,HondaCR-V,HondaCR-X,HondaCR-XdelSol,HondaCapa,HondaCity,HondaCivic,HondaCivicCRX,HondaCivicFerio,HondaCivicShuttle,HondaConcerto,HondaDomani,HondaEdix,HondaFR-V,HondaHR-V,HondaInsight,HondaInspire,HondaIntegra,HondaIntegraSJ,HondaJazz,HondaLagreat,HondaLegend,HondaLife,HondaLogo,HondaMobilio,HondaMobilioSpike,HondaNSX,HondaOdyssey,HondaOrthia,HondaPartner,HondaPrelude,HondaRafaga,HondaS-MX,HondaSaber,HondaShuttle,HondaStepwgn,HondaStream,HondaToday,HondaTorneo,HondaVamos,HondaVigor"
https://www.amayama.com/ru/part/honda/90146sa7000,болт,90146-SA7-000,Япония,30,"0,005",>1,https://static.amayama.com/schemeparts/1568718454188_big.jpg,,,,,"
                            Показать все (64)
                        ","HondaAccord,HondaAccordAerodeck,HondaAccordInspire,HondaAccordTourer,HondaActy,HondaActyTruck,HondaAirwave,HondaAscot,HondaAscotInnova,HondaAvancier,HondaBallade,HondaCR-V,HondaCR-X,HondaCR-XdelSol,HondaCapa,HondaCity,HondaCivic,HondaCivicAerodeck,HondaCivicCRX,HondaCivicFerio,HondaCivicShuttle,HondaConcerto,HondaCrossroad,HondaDomani,HondaEdix,HondaElement,HondaElysion,HondaFR-V,HondaFit,HondaFitAria,HondaFreed,HondaHR-V,HondaInsight,HondaInspire,HondaIntegra,HondaIntegraSJ,HondaJazz,HondaLagreat,HondaLegend,HondaLife,HondaLifeDunk,HondaLogo,HondaMDX,HondaMR-V,HondaMobilio,HondaMobilioSpike,HondaNSX,HondaOdyssey,HondaOrthia,HondaPartner,HondaPilot,HondaPrelude,HondaRafaga,HondaS-MX,HondaS2000,HondaSaber,HondaShuttle,HondaStepwgn,HondaStream,HondaThat's,HondaTorneo,HondaVamos,HondaVigor,HondaZest"
https://www.amayama.com/ru/part/honda/80520sr3941,Датчик температуры,80520-SR3-941,Япония,1 743,"0,008",>1,https://static.amayama.com/schemeparts/1568719876742_big.jpg,,,,,,"HondaCR-V,HondaCR-XdelSol,HondaCapa,HondaCivic,HondaCivicFerio,HondaDomani,HondaIntegra,HondaIntegraSJ,HondaOrthia,HondaS-MX,HondaStepwgn,HondaToday"
https://www.amayama.com/ru/part/honda/91540ta0003,Фиксатор,91540-TA0-003,Япония,152,"0,002",>1,https://static.amayama.com/schemeparts/1568895270503_big.jpg,,,,,,"HondaAccord,HondaAccordTourer,HondaCR-V,HondaCity,HondaFit,HondaFreed,HondaInsight,HondaInspire,HondaJazz,HondaLegend,HondaLife,HondaOdyssey,HondaPilot,HondaStream,HondaZest"
https://www.amayama.com/ru/part/honda/80590tf0941,Разъем электрический,80590-TF0-941,Япония,4 604,"0,02",>1,https://static.amayama.com/schemeparts/1568984671463_big.jpg,,,,,,"HondaCity,HondaFit,HondaInsight,HondaJazz"
https://www.amayama.com/ru/part/honda/80533tf0941,"HOSE, ASPIRATOR",80533-TF0-941,Япония,449,-,>1,https://static.amayama.com/schemeparts/1568984670828_big.jpg,,,,,,"HondaFit,HondaJazz"
https://www.amayama.com/ru/part/honda/80531tf0000,"GARNISH, IN CAR SENSOR",80531-TF0-000,Япония,282,-,>1,https://static.amayama.com/schemeparts/1568984670275_big.jpg,,,,,,"HondaFit,HondaJazz"
https://www.amayama.com/ru/part/honda/80525s30941,Датчик температуры,80525-S30-941,Япония,1 727,"0,015",>1,https://static.amayama.com/amayama/1512036238243_big.jpg,https://static.amayama.com/amayama/1512036251901_preview.jpg,https://static.amayama.com/amayama/1512036264275_preview.jpg,https://static.amayama.com/schemeparts/1568731254306_preview.jpg,,"
                            Показать все (37)
                        ","HondaAccord,HondaAccordTourer,HondaAirwave,HondaAvancier,HondaCR-V,HondaCapa,HondaCity,HondaCivic,HondaCivicFerio,HondaCrossroad,HondaEdix,HondaElement,HondaElysion,HondaFR-V,HondaFit,HondaFitAria,HondaFreed,HondaHR-V,HondaInsight,HondaInspire,HondaIntegra,HondaJazz,HondaLegend,HondaLife,HondaLifeDunk,HondaMobilio,HondaMobilioSpike,HondaOdyssey,HondaPrelude,HondaS-MX,HondaS2000,HondaStepwgn,HondaStream,HondaThat's,HondaTorneo,HondaZ,HondaZest"
https://www.amayama.com/ru/part/honda/80510s0a941,Заглушка пластиковая,80510-S0A-941,Япония,2 116,"0,01",>1,https://static.amayama.com/schemeparts/1568731253575_big.jpg,,,,,"
                            Показать все (28)
                        ","HondaAccord,HondaAccordTourer,HondaAirwave,HondaAvancier,HondaCR-V,HondaCapa,HondaCity,HondaCivic,HondaCivicFerio,HondaCrossroad,HondaElysion,HondaFit,HondaFitAria,HondaFreed,HondaInsight,HondaIntegra,HondaJazz,HondaLife,HondaLifeDunk,HondaMobilio,HondaMobilioSpike,HondaOdyssey,HondaStepwgn,HondaStream,HondaThat's,HondaTorneo,HondaZ,HondaZest"
https://www.amayama.com/ru/part/honda/32119tf0000,"SUB CORD, SUN BEAM SENSOR",32119-TF0-000,Япония,525,-,>1,https://static.amayama.com/schemeparts/1568984669643_big.jpg,,,,,,"HondaFit,HondaJazz"
https://www.amayama.com/ru/part/honda/84521tf0013za,"BOARD ASSY., TRUNK FLOOR *NH167L*",84521-TF0-013ZA,Япония,8 143,-,>1,,,,,,,HondaJazz
https://www.amayama.com/ru/part/honda/83853sa7980,Болт,83853-SA7-980,Япония,266,"0,05",>1,https://static.amayama.com/schemeparts/1568718753691_big.jpg,,,,,,"HondaBallade,HondaCR-X,HondaCR-XdelSol,HondaCity,HondaCivic,HondaCivicCRX,HondaCivicFerio,HondaCivicShuttle,HondaConcerto,HondaDomani,HondaFit,HondaFitAria,HondaInsight,HondaIntegra,HondaIntegraSJ,HondaJazz,HondaLife,HondaZest"
https://www.amayama.com/ru/part/honda/83850sd2000,Крышка металлическая,83850-SD2-000,Япония,244,"0,05",>1,https://static.amayama.com/schemeparts/1568718752987_big.jpg,,,,,"
                            Показать все (25)
                        ","HondaAccord,HondaBallade,HondaBeat,HondaCR-X,HondaCR-XdelSol,HondaCapa,HondaCity,HondaCivic,HondaCivicCRX,HondaCivicFerio,HondaConcerto,HondaDomani,HondaFit,HondaInsight,HondaIntegra,HondaIntegraSJ,HondaJazz,HondaLife,HondaLifeDunk,HondaLogo,HondaOrthia,HondaPartner,HondaThat's,HondaToday,HondaZest"
https://www.amayama.com/ru/part/honda/42767sh3e00,"PLATE, SPARE TIRE CAUTION (T-TYPE)",42767-SH3-E00,Япония,91,"0,001",>1,https://static.amayama.com/schemeparts/1568945300900_big.jpg,,,,,"
                            Показать все (22)
                        ","HondaAccord,HondaAccordTourer,HondaCR-V,HondaCR-X,HondaCR-XdelSol,HondaCity,HondaCivic,HondaCivicCRX,HondaCivicShuttle,HondaFR-V,HondaHR-V,HondaInsight,HondaIntegra,HondaJazz,HondaLegend,HondaLogo,HondaNSX,HondaOdyssey,HondaPrelude,HondaS2000,HondaShuttle,HondaStream"
https://www.amayama.com/ru/part/honda/42753se0a02,Ниппель,42753-SE0-A02,Япония,91,"0,01",>1,https://static.amayama.com/schemeparts/1568729832672_big.jpg,,,,,"
                            Показать все (46)
                        ","HondaAccord,HondaAccordAerodeck,HondaAccordInspire,HondaAccordTourer,HondaActy,HondaActyTruck,HondaAscot,HondaAscotInnova,HondaAvancier,HondaBallade,HondaCR-V,HondaCR-X,HondaCR-XdelSol,HondaCity,HondaCivic,HondaCivicCRX,HondaCivicFerio,HondaCivicShuttle,HondaConcerto,HondaDomani,HondaFR-V,HondaFit,HondaFitAria,HondaHR-V,HondaInsight,HondaInspire,HondaIntegra,HondaJazz,HondaLagreat,HondaLegend,HondaLife,HondaLogo,HondaMDX,HondaMR-V,HondaOdyssey,HondaPilot,HondaPrelude,HondaRafaga,HondaS2000,HondaSaber,HondaShuttle,HondaStream,HondaToday,HondaTorneo,HondaVigor,HondaZ"
https://www.amayama.com/ru/part/honda/42700tf0e51,"DISK, WHEEL (15X4T) (RING TECHS)",42700-TF0-E51,Япония,5 327,-,>1,,,,,,,"HondaCity,HondaInsight,HondaJazz"
https://www.amayama.com/ru/part/honda/01464s0x000,Шланг резиновый,01464-S0X-000,Япония,3 280,"0,14",>1,https://static.amayama.com/schemeparts/1568736425285_big.jpg,,,,,,"HondaLagreat,HondaMR-V,HondaOdyssey,HondaPilot"
https://www.amayama.com/ru/part/honda/80520s2r940,Датчик звуковой,80520-S2R-940,Япония,1 773,"0,016",>1,https://static.amayama.com/schemeparts/1568753639732_big.jpg,,,,,,"HondaAirwave,HondaCity,HondaFit,HondaFitAria,HondaInsight,HondaJazz,HondaLegend,HondaMobilio,HondaZ"
https://www.amayama.com/ru/part/honda/80531sjaa01,ASPIRATOR COMP.,80531-SJA-A01,Япония,2 861,-,>1,https://static.amayama.com/schemeparts/1568897562125_big.jpg,,,,,,HondaLegend
https://www.amayama.com/ru/part/honda/77205s0xa01,Зажим,77205-S0X-A01,Япония,80,"0,002",>1,https://static.amayama.com/amayama/1567147453977_big.jpg,https://static.amayama.com/amayama/1477305903716_preview.jpg,https://static.amayama.com/schemeparts/1568736693735_preview.jpg,,,"
                            Показать все (29)
                        ","HondaAccord,HondaAccordTourer,HondaAirwave,HondaCR-V,HondaCity,HondaCivic,HondaEdix,HondaElysion,HondaFR-V,HondaFit,HondaFitAria,HondaInsight,HondaInspire,HondaIntegra,HondaJazz,HondaLagreat,HondaLegend,HondaLife,HondaLifeDunk,HondaMDX,HondaMR-V,HondaMobilio,HondaMobilioSpike,HondaOdyssey,HondaPartner,HondaPilot,HondaS2000,HondaStepwgn,HondaStream"
https://www.amayama.com/ru/part/honda/80520sp0a41,Датчик температуры,80520-SP0-A41,Япония,2 694,"0,09",>1,https://static.amayama.com/schemeparts/1568943479536_big.jpg,,,,,,HondaLegend
https://www.amayama.com/ru/part/honda/80515sp0a41,"CLAMP, SUN BEAM SENSOR",80515-SP0-A41,Япония,99,"0,001",>1,https://static.amayama.com/schemeparts/1568943478750_big.jpg,,,,,,HondaLegend
https://www.amayama.com/ru/part/honda/80510sp0a41,Переключатель,80510-SP0-A41,Япония,4 148,"0,01",>1,https://static.amayama.com/schemeparts/1568943477964_big.jpg,,,,,,HondaLegend
https://www.amayama.com/ru/part/honda/01466sfb000,Шланг резиновый,01466-SFB-000,Япония,1 644,"0,1",>1,https://static.amayama.com/schemeparts/1568866789298_big.jpg,,,,,,"HondaLife,HondaZest"
https://www.amayama.com/ru/part/honda/46402sck003,"Honda
                    (46402SCK003)",46402-SCK-003,Япония,2 070,-,>1,,,,,,,"HondaAccord,HondaLifeDunk,HondaThat's"
https://www.amayama.com/ru/part/honda/01466s2l000,Шланг резиновый,01466-S2L-000,Япония,1 545,"0,09",>1,https://static.amayama.com/schemeparts/1568750951955_big.jpg,,,,,,"HondaLife,HondaLifeDunk"
https://www.amayama.com/ru/part/honda/01464sap000,Шланг резиновый,01464-SAP-000,Япония,2 390,"0,13",>1,https://static.amayama.com/schemeparts/1568750950537_big.jpg,,,,,,"HondaLife,HondaLifeDunk"
https://www.amayama.com/ru/part/honda/01004pxh000,"Honda
                    (01004PXH000)",01004-PXH-000,Япония,3 881,-,>1,,,,,,,"HondaAccord,HondaLife,HondaLifeDunk,HondaThat's"
https://www.amayama.com/ru/part/honda/01464s3va10,Шланг резиновый,01464-S3V-A10,Япония,3 995,"0,14",>1,https://static.amayama.com/schemeparts/1568766012489_big.jpg,,,,,,HondaMDX
https://www.amayama.com/ru/part/honda/01468scc000,Шланг тормозной,01468-SCC-000,Япония,1 560,"0,1",>1,https://static.amayama.com/schemeparts/1568832096153_big.jpg,,,,,,"HondaMobilio,HondaMobilioSpike"
https://www.amayama.com/ru/part/honda/01466scc000,Шланг резиновый,01466-SCC-000,Япония,1 560,"0,09",>1,https://static.amayama.com/schemeparts/1568832095319_big.jpg,,,,,,"HondaMobilio,HondaMobilioSpike"
https://www.amayama.com/ru/part/honda/01465scc010,Шланг резиновый,01465-SCC-010,Япония,2 884,"0,26",>1,https://static.amayama.com/schemeparts/1568832094489_big.jpg,,,,,,"HondaMobilio,HondaMobilioSpike"
https://www.amayama.com/ru/part/honda/01464scc010,Шланг резиновый,01464-SCC-010,Япония,2 884,"0,26",>1,https://static.amayama.com/schemeparts/1568832093674_big.jpg,,,,,,"HondaMobilio,HondaMobilioSpike"
https://www.amayama.com/ru/part/honda/01468saa000,Шланг тормозной,01468-SAA-000,Япония,1 568,"0,1",>1,https://static.amayama.com/schemeparts/1568815075663_big.jpg,,,,,,"HondaAirwave,HondaCity,HondaFit,HondaFitAria,HondaJazz,HondaMobilio,HondaMobilioSpike,HondaPartner"
https://www.amayama.com/ru/part/honda/01466saa000,Шланг тормозной,01466-SAA-000,Япония,1 568,"0,09",>1,https://static.amayama.com/schemeparts/1568815074935_big.jpg,,,,,,"HondaAirwave,HondaCity,HondaFit,HondaFitAria,HondaJazz,HondaMobilio,HondaMobilioSpike,HondaPartner"
https://www.amayama.com/ru/part/honda/80525ss0942,Датчик температуры,80525-SS0-942,Япония,1 887,"0,009",>1,https://static.amayama.com/schemeparts/1568735228931_big.jpg,,,,,,"HondaAccord,HondaAccordTourer,HondaAscot,HondaInspire,HondaLagreat,HondaLogo,HondaMDX,HondaMR-V,HondaOdyssey,HondaPilot,HondaPrelude,HondaRafaga,HondaSaber,HondaVigor"
https://www.amayama.com/ru/part/honda/80510s84a41,Заглушка пластиковая,80510-S84-A41,Япония,2 641,"0,011",>1,https://static.amayama.com/schemeparts/1568735227574_big.jpg,,,,,,"HondaAccord,HondaElement,HondaInspire,HondaLagreat,HondaMDX,HondaMR-V,HondaOdyssey,HondaPilot,HondaSaber"
https://www.amayama.com/ru/part/honda/01463sfc010,"Honda
                    (01463SFC010)",01463-SFC-010,Япония,1 720,-,>1,,,,,,,"HondaLife,HondaZest"
https://www.amayama.com/ru/part/honda/01462sfa951,"Honda
                    (01462SFA951)",01462-SFA-951,Япония,2 899,-,>1,,,,,,,"HondaLife,HondaZest"
https://www.amayama.com/ru/part/honda/01433sj8000,Ремкомплект,01433-SJ8-000,Япония,517,"0,007",>1,https://static.amayama.com/schemeparts/1568747602224_big.jpg,,,,,,"HondaAccord,HondaActy,HondaAirwave,HondaCapa,HondaCity,HondaFit,HondaFreed,HondaJazz,HondaLife,HondaLifeDunk,HondaLogo,HondaMobilioSpike,HondaPartner,HondaVamos,HondaZest"
https://www.amayama.com/ru/part/honda/9391314420,Винт,93913-14420,Япония,19,"0,004",>1,https://static.amayama.com/schemeparts/1568718494169_big.jpg,,,,,"
                            Показать все (64)
                        ","HondaAccord,HondaAccordAerodeck,HondaAccordTourer,HondaActy,HondaActyTruck,HondaAirwave,HondaAscot,HondaAvancier,HondaBallade,HondaBeat,HondaCR-V,HondaCR-X,HondaCR-XdelSol,HondaCapa,HondaCity,HondaCivic,HondaCivicAerodeck,HondaCivicCRX,HondaCivicFerio,HondaCivicShuttle,HondaCrossroad,HondaDomani,HondaEdix,HondaElement,HondaElysion,HondaFR-V,HondaFit,HondaFitAria,HondaFreed,HondaHR-V,HondaInsight,HondaInspire,HondaIntegra,HondaIntegraSJ,HondaJazz,HondaLagreat,HondaLegend,HondaLife,HondaLifeDunk,HondaLogo,HondaMDX,HondaMR-V,HondaMobilio,HondaMobilioSpike,HondaOdyssey,HondaOrthia,HondaPartner,HondaPilot,HondaPrelude,HondaRafaga,HondaS-MX,HondaS2000,HondaSaber,HondaShuttle,HondaStepwgn,HondaStream,HondaThat's,HondaToday,HondaTorneo,HondaVamos,HondaVamosHobio,HondaVigor,HondaZ,HondaZest"
https://www.amayama.com/ru/part/honda/9391315440,Винт,93913-15440,Япония,19,"0,005",>1,https://static.amayama.com/schemeparts/1568749731207_big.jpg,,,,,,HondaHR-V
https://www.amayama.com/ru/part/honda/957010802008,Болт,95701-080-2008,Япония,27,"0,015",>1,https://static.amayama.com/schemeparts/1568717720152_big.jpg,,,,,"
                            Показать все (66)
                        ","HondaAccord,HondaAccordAerodeck,HondaAccordInspire,HondaAccordTourer,HondaActy,HondaActyTruck,HondaAirwave,HondaAscot,HondaAscotInnova,HondaAvancier,HondaBallade,HondaBeat,HondaCR-V,HondaCR-X,HondaCR-XdelSol,HondaCapa,HondaCity,HondaCivic,HondaCivicAerodeck,HondaCivicCRX,HondaCivicFerio,HondaCivicShuttle,HondaConcerto,HondaCrossroad,HondaDomani,HondaEdix,HondaElement,HondaElysion,HondaFR-V,HondaFit,HondaFitAria,HondaFreed,HondaHR-V,HondaInsight,HondaInspire,HondaIntegra,HondaIntegraSJ,HondaJazz,HondaLagreat,HondaLegend,HondaLife,HondaLifeDunk,HondaLogo,HondaMDX,HondaMR-V,HondaMobilio,HondaMobilioSpike,HondaNSX,HondaOdyssey,HondaOrthia,HondaPartner,HondaPilot,HondaPrelude,HondaRafaga,HondaS-MX,HondaS2000,HondaSaber,HondaStepwgn,HondaStream,HondaThat's,HondaToday,HondaTorneo,HondaVamos,HondaVamosHobio,HondaVigor,HondaZest"
Ссылка,Название,Номер,Страна,Цена,Вес,Остаток,Фото1,Фото2,Фото3,Фото4,Фото5,Описание1,Описание2
https://www.amayama.com/ru/part/toyota/9054106013,"CUSHION, FRONT DOOR PANEL",90541-06013,Япония,69,"0,003",>1,https://static.amayama.com/schema/toyota-9054106013-1561738485748-big.jpg,https://static.amayama.com/schema/toyota-9054106013-1561934820855-preview.jpg,https://static.amayama.com/schema/toyota-9054106013-1563699361793-preview.jpg,,,,
https://www.amayama.com/ru/part/toyota/9017914023,Гайка стремянки рессоры TOYOTA,90179-14023,Япония,110,"0,03",>1,https://static.amayama.com/schema/toyota-9017914023-1563960598318-big.jpg,https://static.amayama.com/schema/toyota-9017914023-1563965620602-preview.jpg,https://static.amayama.com/schema/toyota-9017914023-1563986711166-preview.jpg,https://static.amayama.com/schema/toyota-9017914023-1564005003150-preview.jpg,https://static.amayama.com/schema/toyota-9017914023-1564010227021-preview.jpg,"
                                Toyota Quick Delivery
                            ,
                                Toyota Stout
                            ",
https://www.amayama.com/ru/part/toyota/2560113010,"PIPE SUB-ASSY, EGR, NO.1",25601-13010,Япония,2 731,"0,2",>1,https://static.amayama.com/schema/toyota-2560113010-1563741573869-big.jpg,https://static.amayama.com/schema/toyota-2560113010-1563838218916-preview.jpg,https://static.amayama.com/schema/toyota-2560113010-1563842488983-preview.jpg,https://static.amayama.com/schema/toyota-2560113010-1563994651128-preview.jpg,https://static.amayama.com/schema/toyota-2560113010-1566014768842-preview.jpg,,
https://www.amayama.com/ru/part/toyota/9092901243,"SUPPORT, FUEL FILTER",90929-01243,Япония,248,-,>1,,,,,,,
https://www.amayama.com/ru/part/toyota/9017908027,Гайка,90179-08027,Япония,83,"0,006",>1,https://static.amayama.com/schema/toyota-9017908027-1563452230828-big.jpg,https://static.amayama.com/schema/toyota-9017908027-1563838213398-preview.jpg,https://static.amayama.com/schema/toyota-9017908027-1563838383782-preview.jpg,https://static.amayama.com/schema/toyota-9017908027-1566014379664-preview.jpg,https://static.amayama.com/schema/toyota-9017908027-1566027205265-preview.jpg,"
                                Toyota 1000
                            ,
                                Toyota T.U.V
                            ",
https://www.amayama.com/ru/part/toyota/9092306015,Прокладка пластиковая,90923-06015,Япония,234,"0,01",>1,https://static.amayama.com/schema/toyota-9092306015-1563991155991-big.jpg,https://static.amayama.com/schema/toyota-9092306015-1566014378209-preview.jpg,https://static.amayama.com/schema/toyota-9092306015-1566018860028-preview.jpg,,,"
                                Toyota 1000
                            ,
                                Toyota T.U.V
                            ",
https://www.amayama.com/ru/part/toyota/9092305021,Прокладка,90923-05021,Япония,159,"0,003",>1,https://static.amayama.com/schema/toyota-9092305021-1563991155399-big.jpg,https://static.amayama.com/schema/toyota-9092305021-1566014379071-preview.jpg,https://static.amayama.com/schema/toyota-9092305021-1566018859292-preview.jpg,,,"
                                Toyota 1000
                            ,
                                Toyota T.U.V
                            ",
https://www.amayama.com/ru/part/toyota/2310019236,"Насос топливный TOYOTA LITE/TOWNACE NOAH 5,7K 96-",23100-19236,Япония,3 646,"0,44",>1,https://static.amayama.com/schema/toyota-2310019236-1563991154689-big.jpg,https://static.amayama.com/schema/toyota-2310019236-1566014377593-preview.jpg,https://static.amayama.com/schema/toyota-2310019236-1566018858627-preview.jpg,,,,
https://www.amayama.com/ru/part/toyota/9613251100,Зажим,96132-51100,Япония,53,"0,005",>1,https://static.amayama.com/part/toyota-9613251100-1526379457223-big.jpg,https://static.amayama.com/schema/toyota-9613251100-1561702569368-preview.jpg,https://static.amayama.com/schema/toyota-9613251100-1563352479161-preview.jpg,https://static.amayama.com/schema/toyota-9613251100-1563356209136-preview.jpg,https://static.amayama.com/schema/toyota-9613251100-1563366655022-preview.jpg,,
https://www.amayama.com/ru/part/toyota/2384113020,"CLAMP, FUEL PIPE",23841-13020,Япония,323,"0,02",>1,https://static.amayama.com/schema/toyota-2384113020-1563838209529-big.jpg,https://static.amayama.com/schema/toyota-2384113020-1566014375131-preview.jpg,https://static.amayama.com/schema/toyota-2384113020-1566027200851-preview.jpg,,,"
                                Toyota 1000
                            ,
                                Toyota T.U.V
                            ",
https://www.amayama.com/ru/part/toyota/9533706020,Шланг топливный резиновый,95337-06020,Япония,358,"0,03",>1,https://static.amayama.com/part/toyota-9533706020-1500115090902-big.jpg,https://static.amayama.com/part/toyota-9533706020-1500115072808-preview.jpg,https://static.amayama.com/schema/toyota-9533706020-1561724995749-preview.jpg,https://static.amayama.com/schema/toyota-9533706020-1561730879180-preview.jpg,https://static.amayama.com/schema/toyota-9533706020-1561877666846-preview.jpg,"
                                Lexus ES250
                            ,
                                Lexus ES300
                            ,
                                Lexus GS300
                            ,
                                Lexus GS430
                            ,
                                Lexus IS200
                            ,
                                Lexus IS300
                            ,
                                Lexus LS400
                            ,
                                Lexus LX450
                            ,
                                Lexus LX450d
                            ,
                                Lexus LX470
                            ,
                                Lexus LX570
                            ,
                                Lexus RX300
                            ,
                                Lexus SC430
                            ,
                                Toyota 1000
                            ,
                                Toyota Hilux
                            ,
                                Toyota Innova
                            ,
                                Toyota Kijang
                            ,
                                Toyota Model-F
                            ,
                                Toyota Pickup
                            ,
                                Toyota Quick Delivery
                            ,
                                Toyota Soluna Vios
                            ,
                                Toyota Stout
                            ,
                                Toyota T.U.V
                            ,
                                Toyota T100
                            ,
                                Toyota Tarago
                            ,
                                Toyota Van
                            ,
                                Toyota Venza
                            ,
                                Toyota XA
                            ,
                                Toyota Yaris Verso
                            ,
                            Показать все (154)
                        ",
